-- phpMyAdmin SQL Dump
-- version 3.5.8.2
-- http://www.phpmyadmin.net
--
-- Host: localhost
-- Generation Time: Dec 15, 2015 at 04:44 AM
-- Server version: 5.5.42-37.1-log
-- PHP Version: 5.4.23

SET SQL_MODE="NO_AUTO_VALUE_ON_ZERO";
SET time_zone = "+00:00";


/*!40101 SET @OLD_CHARACTER_SET_CLIENT=@@CHARACTER_SET_CLIENT */;
/*!40101 SET @OLD_CHARACTER_SET_RESULTS=@@CHARACTER_SET_RESULTS */;
/*!40101 SET @OLD_COLLATION_CONNECTION=@@COLLATION_CONNECTION */;
/*!40101 SET NAMES utf8 */;

--
-- Database: `pgdbtwoz_system`
--

-- --------------------------------------------------------

--
-- Table structure for table `admin_login`
--

DROP TABLE IF EXISTS `admin_login`;
CREATE TABLE IF NOT EXISTS `admin_login` (
  `id` int(11) NOT NULL AUTO_INCREMENT,
  `username` varchar(250) NOT NULL,
  `password` varchar(250) NOT NULL,
  `access` int(11) NOT NULL,
  PRIMARY KEY (`id`),
  UNIQUE KEY `usr` (`username`)
) ENGINE=InnoDB  DEFAULT CHARSET=latin1 AUTO_INCREMENT=3 ;

--
-- Dumping data for table `admin_login`
--

INSERT INTO `admin_login` (`id`, `username`, `password`, `access`) VALUES
(1, 'admin', 'edit111', 1),
(2, 'subadmin', '222', 2);

-- --------------------------------------------------------

--
-- Table structure for table `exam`
--

DROP TABLE IF EXISTS `exam`;
CREATE TABLE IF NOT EXISTS `exam` (
  `id` int(11) NOT NULL AUTO_INCREMENT,
  `date` varchar(255) NOT NULL,
  `day` varchar(255) NOT NULL,
  `from_tm` varchar(255) NOT NULL,
  `to_tm` varchar(255) NOT NULL,
  `sem` varchar(225) NOT NULL,
  `paper_code` varchar(255) NOT NULL,
  `paper_id` int(11) NOT NULL,
  `paper_name` varchar(255) NOT NULL,
  `session` int(11) NOT NULL,
  PRIMARY KEY (`id`)
) ENGINE=InnoDB  DEFAULT CHARSET=latin1 AUTO_INCREMENT=108 ;

--
-- Dumping data for table `exam`
--

INSERT INTO `exam` (`id`, `date`, `day`, `from_tm`, `to_tm`, `sem`, `paper_code`, `paper_id`, `paper_name`, `session`) VALUES
(1, '09-08-2010', 'MONDAY', '14:00', '16:00', '2nd', '', 6, '', 1),
(2, '11-08-2010', 'WEDNESDAY', '14:00', '16:00', '2nd', '', 7, '', 1),
(3, '18-08-2010', 'WEDNESDAY', '14:00', '16:00', '2nd', '', 8, '', 1),
(4, '20-08-2010', 'FRIDAY', '14:00', '16:00', '2nd', '', 9, '', 1),
(5, '23-08-2010', 'MONDAY', '14:00', '15:00', '2nd', '', 10, '', 1),
(6, '26-08-2010', 'THURSDAY', '14:00', '16:00', '2nd', '', 10, '', 1),
(7, '08-02-2010', 'MONDAY', '14:00', '16:00', '1st', '', 1, '', 1),
(8, '10-02-2010', 'WEDNESDAY', '14:00', '16:00', '1st', '', 2, '', 1),
(9, '13-02-2010', 'SATURDAY', '14:00', '16:00', '1st', '', 3, '', 1),
(10, '15-02-2010', 'MONDAY', '14:00', '16:00', '1st', '', 4, '', 1),
(11, '17-02-2010', 'WEDNESDAY', '14:00', '16:00', '1st', '', 5, '', 1),
(12, '12-02-2011', 'SATURDAY', '14:00', '16:00', '3rd', '', 11, '', 1),
(13, '14-02-2011', 'MONDAY', '14:00', '16:00', '3rd', '', 12, '', 1),
(14, '17-02-2011', 'THURSDAY', '14:00', '16:00', '3rd', '', 13, '', 1),
(15, '19-02-2011', 'SATURDAY', '14:00', '16:00', '3rd', '', 14, '', 1),
(16, '21-02-2011', 'MONDAY', '14:00', '16:00', '3rd', '', 15, '', 1),
(17, '12-02-2011', 'SATURDAY', '14:00', '16:00', '1st', '', 1, '', 2),
(18, '14-02-2011', 'MONDAY', '14:00', '16:00', '1st', '', 2, '', 2),
(19, '17-02-2011', 'THURSDAY', '14:00', '16:00', '1st', '', 3, '', 2),
(20, '19-02-2011', 'SATURDAY', '14:00', '16:00', '1st', '', 4, '', 2),
(21, '21-02-2011', 'MONDAY', '14:00', '16:00', '1st', '', 5, '', 2),
(22, '14-02-2012', 'TUESDAY', '14:00', '16:00', '1st', '', 1, '', 3),
(23, '03-09-2011', 'SATURDAY', '14:00', '16:00', '2nd', '', 6, '', 2),
(24, '01-09-2011', 'THURSDAY', '14:00', '16:00', '2nd', '', 7, '', 2),
(25, '27-08-2011', 'SATURDAY', '14:00', '16:00', '2nd', '', 8, '', 2),
(26, '30-08-2011', 'TUESDAY', '14:00', '16:00', '2nd', '', 9, '', 2),
(27, '25-08-2011', 'THURSDAY', '14:00', '16:00', '2nd', '', 10, '', 2),
(28, '12-02-2011', 'SATURDAY', '14:00', '16:00', '3rd', '', 11, '', 2),
(29, '14-02-2011', 'MONDAY', '14:00', '16:00', '3rd', '', 12, '', 2),
(30, '17-02-2011', 'THURSDAY', '14:00', '16:00', '3rd', '', 13, '', 2),
(31, '19-02-2011', 'SATURDAY', '14:00', '16:00', '3rd', '', 14, '', 2),
(32, '21-02-2011', 'MONDAY', '14:00', '16:00', '3rd', '', 15, '', 2),
(33, '21-08-2012', 'TUESDAY', '14:00', '16:00', '4th', '', 16, '', 2),
(34, '28-08-2012', 'TUESDAY', '14:00', '16:00', '4th', '', 17, '', 2),
(35, '31-08-2012', 'FRIDAY', '14:00', '16:00', '4th', '', 18, '', 2),
(36, '04-09-2012', 'TUESDAY', '14:00', '15:00', '4th', '', 19, '', 2),
(37, '14-02-2012', 'TUESDAY', '14:00', '16:00', '1st', '', 1, '', 3),
(38, '03-03-2012', 'SATURDAY', '14:00', '16:00', '1st', '', 2, '', 3),
(39, '23-02-2012', 'THURSDAY', '14:00', '16:00', '1st', '', 3, '', 3),
(40, '25-02-2012', 'SATURDAY', '14:00', '16:00', '1st', '', 4, '', 3),
(41, '29-02-2012', 'WEDNESDAY', '14:00', '16:00', '1st', '', 5, '', 3),
(42, '21-08-2012', 'TUESDAY', '14:00', '16:00', '2nd', '', 6, '', 3),
(43, '24-08-2012', 'FRIDAY', '14:00', '16:00', '2nd', '', 7, '', 3),
(44, '28-08-2012', 'TUESDAY', '14:00', '16:00', '2nd', '', 8, '', 3),
(45, '31-08-2012', 'FRIDAY', '14:00', '16:00', '2nd', '', 9, '', 3),
(46, '04-09-2012', 'TUESDAY', '14:00', '16:00', '2nd', '', 10, '', 3),
(47, '13-02-2013', 'WEDNESDAY', '14:00', '16:00', '3rd', '', 11, '', 3),
(48, '19-02-2013', 'TUESDAY', '14:00', '16:00', '3rd', '', 12, '', 1),
(49, '23-02-2013', 'SATURDAY', '14:00', '16:00', '3rd', '', 13, '', 3),
(50, '26-02-2013', 'TUESDAY', '14:00', '16:00', '3rd', '', 14, '', 3),
(51, '04-03-2013', 'MONDAY', '14:00', '16:00', '3rd', '', 15, '', 3),
(52, '26-08-2013', 'MONDAY', '14:00', '16:00', '4th', '', 16, '', 3),
(53, '29-08-2013', 'THURSDAY', '14:00', '16:00', '4th', '', 17, '', 3),
(54, '04-09-2013', 'WEDNESDAY', '14:00', '16:00', '4th', '', 18, '', 3),
(55, '06-09-2013', 'FRIDAY', '14:00', '16:00', '4th', '', 19, '', 3),
(56, '11-02-2013', 'MONDAY', '14:00', '16:00', '1st', '', 1, '', 4),
(57, '18-02-2013', 'MONDAY', '14:00', '16:00', '1st', '', 2, '', 4),
(58, '25-02-2013', 'MONDAY', '14:00', '16:00', '1st', '', 3, '', 3),
(59, '28-02-2013', 'THURSDAY', '14:00', '16:00', '1st', '', 4, '', 4),
(60, '06-03-2013', 'WEDNESDAY', '14:00', '16:00', '1st', '', 5, '', 4),
(61, '26-08-2013', 'MONDAY', '14:00', '16:00', '2nd', '', 6, '', 4),
(62, '29-08-2013', 'THURSDAY', '14:00', '16:00', '2nd', '', 7, '', 4),
(63, '31-08-2013', 'SATURDAY', '14:00', '16:00', '2nd', '', 8, '', 4),
(64, '02-09-2013', 'MONDAY', '14:00', '16:00', '2nd', '', 9, '', 4),
(65, '06-09-2013', 'FRIDAY', '14:00', '16:00', '2nd', '', 10, '', 4),
(66, '18-02-2014', 'TUESDAY', '14:00', '16:00', '3rd', '', 11, '', 4),
(67, '20-09-2014', 'SATURDAY', '14:00', '16:00', '3rd', '', 12, '', 4),
(68, '22-02-2014', 'SATURDAY', '14:00', '16:00', '3rd', '', 13, '', 4),
(69, '25-02-2014', 'TUESDAY', '14:00', '16:00', '3rd', '', 14, '', 4),
(70, '28-02-2014', 'FRIDAY', '14:00', '16:00', '3rd', '', 15, '', 4),
(71, '28-08-2014', 'THURSDAY', '14:00', '16:00', '4th', '', 16, '', 4),
(72, '01-09-2014', 'MONDAY', '14:00', '16:00', '4th', '', 17, '', 4),
(73, '03-09-2014', 'WEDNESDAY', '14:00', '16:00', '4th', '', 18, '', 4),
(74, '06-09-2014', 'SATURDAY', '14:00', '16:00', '4th', '', 19, '', 4),
(75, '17-02-2014', 'MONDAY', '14:00', '16:00', '1st', '', 1, '', 5),
(76, '19-02-2014', 'WEDNESDAY', '14:00', '16:00', '1st', '', 2, '', 5),
(77, '21-02-2014', 'FRIDAY', '14:00', '16:00', '1st', '', 3, '', 5),
(78, '24-02-2014', 'MONDAY', '14:00', '16:00', '1st', '', 4, '', 5),
(79, '26-02-2014', 'WEDNESDAY', '14:00', '16:00', '1st', '', 5, '', 5),
(80, '27-08-2014', 'WEDNESDAY', '14:00', '16:00', '2nd', '', 6, '', 5),
(81, '29-08-2014', 'FRIDAY', '14:00', '16:00', '2nd', '', 7, '', 5),
(82, '02-09-2014', 'TUESDAY', '14:00', '16:00', '2nd', '', 8, '', 5),
(83, '04-09-2014', 'THURSDAY', '14:00', '16:00', '2nd', '', 9, '', 5),
(84, '08-09-2014', 'MONDAY', '14:00', '16:00', '2nd', '', 10, '', 5),
(85, '18-08-2011', 'THURSDAY', '14:00', '16:00', '4th', '', 16, '', 1),
(86, '20-08-2011', 'SATURDAY', '14:00', '16:00', '4th', '', 17, '', 1),
(87, '23-08-2011', 'TUESDAY', '14:00', '16:00', '4th', '', 18, '', 1),
(88, '25-08-2011', 'THURSDAY', '14:00', '16:00', '4th', '', 19, '', 1),
(89, '07-03-2015', 'SATURDAY', '14:00', '16:00', '3rd', '', 11, '', 5),
(90, '03-03-2015', 'TUESDAY', '14:00', '16:00', '3rd', '', 12, '', 5),
(91, '10-03-2015', 'TUESDAY', '14:00', '16:00', '3rd', '', 13, '', 5),
(92, '12-03-2015', 'THURSDAY', '14:00', '16:00', '3rd', '', 14, '', 5),
(93, '14-03-2015', 'SATURDAY', '14:00', '16:00', '3rd', '', 15, '', 5),
(94, '25-082015', 'WEDNESDAY', '14:00', '16:00', '4th', '', 16, '', 5),
(95, '28-08-2015', 'FRIDAY', '14:00', '16:00', '4th', '', 17, '', 5),
(96, '01-09-2015', 'TUESDAY', '14:00', '16:00', '4th', '', 18, '', 5),
(97, '04-09-2015', 'FRIDAY', '14:00', '16:00', '4th', '', 19, '', 5),
(98, '04-03-2015', 'WEDNESDAY', '14:00', '16:00', '1st', '', 1, '', 6),
(99, '28-02-2015', 'SATURDAY', '14:00', '16:00', '1st', '', 2, '', 6),
(100, '09-03-2015', 'MONDAY', '14:00', '16:00', '1st', '', 3, '', 6),
(101, '11-03-2015', 'WEDNESDAY', '14:00', '16:00', '1st', '', 4, '', 6),
(102, '13-03-2015', 'FRIDAY', '14:00', '16:00', '1st', '', 5, '', 6),
(103, '24-08-2015', 'MONDAY', '14:00', '16:00', '2nd', '', 6, '', 6),
(104, '26-08-2015', 'WEDNESDAY', '14:00', '16:00', '2nd', '', 7, '', 6),
(105, '31-08-2015', 'MONDAY', '14:00', '16:00', '2nd', '', 8, '', 6),
(106, '04-09-2015', 'FRIDAY', '14:00', '16:00', '2nd', '', 10, '', 6),
(107, '07-09-2015', 'MONDAY', '14:00', '16:00', '2nd', '', 9, '', 6);

-- --------------------------------------------------------

--
-- Table structure for table `page_acess`
--

DROP TABLE IF EXISTS `page_acess`;
CREATE TABLE IF NOT EXISTS `page_acess` (
  `id` int(11) NOT NULL AUTO_INCREMENT,
  `page` varchar(255) NOT NULL,
  `block` int(11) NOT NULL,
  PRIMARY KEY (`id`)
) ENGINE=InnoDB  DEFAULT CHARSET=latin1 AUTO_INCREMENT=4 ;

--
-- Dumping data for table `page_acess`
--

INSERT INTO `page_acess` (`id`, `page`, `block`) VALUES
(1, 'Add Student', 1),
(2, 'Create Admit Card', 0),
(3, 'Create Result', 0);

-- --------------------------------------------------------

--
-- Table structure for table `result`
--

DROP TABLE IF EXISTS `result`;
CREATE TABLE IF NOT EXISTS `result` (
  `id` int(11) NOT NULL AUTO_INCREMENT,
  `student_id` int(11) NOT NULL,
  `sem` varchar(50) NOT NULL,
  `session` int(11) NOT NULL,
  `total` float NOT NULL,
  `percentage` float NOT NULL,
  `remarks` varchar(255) NOT NULL,
  `status` varchar(50) NOT NULL,
  `disposed` varchar(50) NOT NULL,
  `result_date` date NOT NULL,
  `entry_date` date NOT NULL,
  PRIMARY KEY (`id`)
) ENGINE=InnoDB  DEFAULT CHARSET=latin1 AUTO_INCREMENT=20 ;

--
-- Dumping data for table `result`
--

INSERT INTO `result` (`id`, `student_id`, `sem`, `session`, `total`, `percentage`, `remarks`, `status`, `disposed`, `result_date`, `entry_date`) VALUES
(1, 3, '1st', 7, 124, 49.6, '0', 'NQ', 'Yes', '0000-00-00', '2015-09-14'),
(2, 4, '1st', 7, 102, 40.8, '0', 'Q', '', '0000-00-00', '2015-09-26'),
(3, 232, '1st', 7, 69, 27.6, '0', 'NQ', '', '0000-00-00', '2015-09-26'),
(4, 6, '1st', 7, 116, 46.4, '0', 'Q', '', '0000-00-00', '2015-09-26'),
(5, 7, '1st', 7, 142, 56.8, '0', 'Q', '', '0000-00-00', '2015-09-26'),
(6, 8, '1st', 7, 124, 49.6, '0', 'Q', '', '0000-00-00', '2015-09-26'),
(7, 9, '1st', 7, 100, 40, '0', 'Q', '', '0000-00-00', '2015-09-26'),
(8, 10, '1st', 7, 119, 47.6, '0', 'Q', '', '0000-00-00', '2015-09-26'),
(9, 12, '1st', 7, 116, 46.4, '0', 'Q', '', '0000-00-00', '2015-09-26'),
(10, 14, '1st', 7, 128, 51.2, '0', 'Q', '', '0000-00-00', '2015-09-26'),
(11, 15, '1st', 7, 133, 53.2, '0', 'Q', '', '0000-00-00', '2015-09-26'),
(12, 16, '1st', 7, 99, 39.6, '0', 'NQ', 'Yes', '0000-00-00', '2015-09-26'),
(13, 17, '1st', 7, 92, 36.8, '0', 'NQ', '', '0000-00-00', '2015-09-26'),
(14, 18, '1st', 7, 93, 37.2, '0', 'NQ', '', '0000-00-00', '2015-09-26'),
(15, 19, '1st', 7, 119, 47.6, '0', 'Q', '', '0000-00-00', '2015-09-26'),
(16, 20, '1st', 7, 110, 44, '0', 'Q', '', '0000-00-00', '2015-09-26'),
(17, 21, '1st', 7, 122, 48.8, '0', 'Q', '', '0000-00-00', '2015-09-26'),
(18, 16, '1st', 0, 100, 40, '0', 'NQ', '', '0000-00-00', '2015-11-16'),
(19, 3, '1st', 0, 124, 49.6, '0', 'Q', '', '0000-00-00', '2015-11-17');

-- --------------------------------------------------------

--
-- Table structure for table `result_final`
--

DROP TABLE IF EXISTS `result_final`;
CREATE TABLE IF NOT EXISTS `result_final` (
  `id` int(11) NOT NULL AUTO_INCREMENT,
  `student_id` int(11) NOT NULL,
  `marks` float NOT NULL,
  `grade` varchar(50) NOT NULL,
  `percentage` float NOT NULL,
  `year` int(11) NOT NULL,
  PRIMARY KEY (`id`)
) ENGINE=InnoDB DEFAULT CHARSET=latin1 AUTO_INCREMENT=1 ;

-- --------------------------------------------------------

--
-- Table structure for table `session`
--

DROP TABLE IF EXISTS `session`;
CREATE TABLE IF NOT EXISTS `session` (
  `id` int(11) NOT NULL AUTO_INCREMENT,
  `year` varchar(255) NOT NULL,
  `active` int(11) NOT NULL,
  `session_yr` varchar(255) NOT NULL,
  `year_exam` int(11) NOT NULL,
  PRIMARY KEY (`id`)
) ENGINE=InnoDB  DEFAULT CHARSET=latin1 AUTO_INCREMENT=8 ;

--
-- Dumping data for table `session`
--

INSERT INTO `session` (`id`, `year`, `active`, `session_yr`, `year_exam`) VALUES
(1, '2009', 0, '2009-2010', 2010),
(2, '2010', 0, '2010-2011', 2011),
(3, '2011', 0, '2011-2012', 2012),
(4, '2012', 0, '2012-2013', 2013),
(5, '2013', 0, '2013-2014', 2014),
(6, '2014', 0, '2014-2015', 2015),
(7, '2015', 1, '2015-2016', 2016);

-- --------------------------------------------------------

--
-- Table structure for table `student`
--

DROP TABLE IF EXISTS `student`;
CREATE TABLE IF NOT EXISTS `student` (
  `id` int(11) NOT NULL AUTO_INCREMENT,
  `name` varchar(255) NOT NULL,
  `clg_ref_no` varchar(255) NOT NULL,
  `phn` varchar(255) NOT NULL,
  `cu_reg_no` varchar(255) NOT NULL,
  `last_exam` varchar(255) NOT NULL,
  `last_exam_marks` int(11) NOT NULL,
  `last_exam_per` float(10,2) NOT NULL,
  `last_exam_yr` int(11) NOT NULL,
  `last_uni_nm` varchar(255) NOT NULL,
  `address` varchar(255) NOT NULL,
  `guardian_nm` varchar(255) NOT NULL,
  `dob` varchar(255) NOT NULL,
  `caste` varchar(255) NOT NULL,
  `sex` text NOT NULL,
  `session` varchar(255) NOT NULL,
  `exam_session` int(11) NOT NULL,
  `relation` varchar(255) NOT NULL,
  `landline` varchar(255) NOT NULL,
  `email` varchar(255) NOT NULL,
  `last_college` varchar(255) NOT NULL,
  `is_handicaped` text NOT NULL,
  `status` varchar(20) NOT NULL DEFAULT 'P',
  PRIMARY KEY (`id`)
) ENGINE=InnoDB  DEFAULT CHARSET=latin1 AUTO_INCREMENT=300 ;

--
-- Dumping data for table `student`
--

INSERT INTO `student` (`id`, `name`, `clg_ref_no`, `phn`, `cu_reg_no`, `last_exam`, `last_exam_marks`, `last_exam_per`, `last_exam_yr`, `last_uni_nm`, `address`, `guardian_nm`, `dob`, `caste`, `sex`, `session`, `exam_session`, `relation`, `landline`, `email`, `last_college`, `is_handicaped`, `status`) VALUES
(1, 'BASUDEB MONDAL', 'M/01/2009/01', '9903254457', '102616', 'B.COM (H)', 354, 44.25, 2009, 'C.U', 'Vill- Dukherpol, P. O.- Boyergodi, P.S.- Ranidighi, Dist-24 PGs. (S)-743349', 'BABAL MONDAL', '20.06.1988', 'GENERAL', 'Male', '1', 0, 'FfATHER', '', '', 'X', 'N', 'P'),
(2, 'PRIYANKA BOSE', 'F/01/2009/02', '9836821061', '109510', 'B.COM (H)', 396, 49.50, 2009, 'C.U', '7/14, THAKUR RAMKRISHNA  LANE, HOWRAH-2', 'SUBHASH CHANDRA BOSE', '16.05.1987', 'GENERAL', 'Female', '1', 0, 'FATHER', '', '', 'X', 'N', 'P'),
(3, 'KUNAL MULLICK', 'M/01/2009/03', '9831175496', '025116', 'B.COM (H)', 369, 46.13, 2009, 'C.U', '24 DR. GANGADHAR MUKHERJEE ROAD, HOWRAH-1', 'LT. HEMANTA MULLICK', '30.04.1987', 'GENERAL', 'Male', '1', 1, 'FATHER', '', '', 'X', 'N', 'P'),
(4, 'TANMOY KR. MARIK', 'M/01/2009/04', '9830984616', '042331', 'B.COM (H)', 395, 49.38, 2009, 'C.U', 'UTTAR JHARPORDAH (GABTALA), VILL+P.O. DOMJUR, HOWRAH-2', 'RABINDRA KR. MARIK', '24.02.1989', 'GENERAL', 'Male', '1', 1, 'FATHER', '', '', 'X', 'N', 'P'),
(5, 'DEBANJAN DAS', 'M/01/2009/06', '9007797322', '041019', 'B.COM (H)', 480, 60.00, 2009, 'C.U', '108, RAMKRISHNAPUR LANE, SHIBPUR HOWRAH-2', 'MANIK LAL DAS', '23.02.1989', 'GENERAL', 'Male', '1', 1, 'FATHER', '', '', 'X', 'N', 'P'),
(6, 'SUBHAYAN MITRA', 'M/01/2009/07', '9836002965', '055840', 'B.COM (H)', 371, 46.38, 2009, 'C.U', '60/4, BAJE SHIBPUR ROAD, SHIBPUR, HOWRAH-2', 'TAPAN MITRA', '15.09.1988', 'GENERAL', 'Male', '1', 1, 'FATHER', '', '', 'X', 'N', 'P'),
(7, 'RITASHREE CHATTERJEE', 'F/01/2009/08', '9231937485', '098339', 'B.COM (H)', 98339, 47.25, 2009, 'C.U', '20/5/1, BISSESWAR BANERJEE LANE, KADAMTALA, HOWRAH-1', 'CHANDRASEKHAR CHATTERJEE', '04.08.1987', 'GENERAL', 'Female', '1', 1, 'FATHER', '', '', 'X', 'N', 'P'),
(8, 'ARITRA DAS', 'M/01/2009/09', '9830703911', '055172', 'B.COM (H)', 412, 51.50, 2009, 'C.U', '101, TOLLYGUNGE ROAD, KOLKATA-26', 'DR. GOUTAM DAS', '28.11.1987', 'GENERAL', 'Male', '1', 1, 'FATHER', '', '', 'X', 'N', 'P'),
(9, 'JAYANTA KR. SENGUPTA', 'M/01/2009/10', '9432311325', '051824', 'B.COM (H)', 440, 55.00, 2009, 'C.U', 'NISCHINDA DESHBANDHO SARANI, P.O- GHOSH PARA (BALLY), HOWRAH-711227', 'SANKAR SENGUPTA', '28.06.1988', 'GENERAL', 'Male', '1', 1, 'FATHER', '', '', 'X', 'N', 'P'),
(10, 'SUTRISHNA MITRA', 'F/01/2009/11', '9239158327', '062637', 'B.COM (H)', 408, 51.00, 2009, 'C.U', '34, UMESH BANERJEE LANE, HOWRAH-2', 'SUNIL MITRA', '15.04.1988', 'GENERAL', 'Female', '1', 1, 'FATHER', '', '', 'X', 'N', 'P'),
(11, 'DEBABRATA SAHA', 'M/01/2009/13', '9836866858', '025160', 'B.COM (H)', 377, 47.13, 2009, 'C.U', '193, ANDUL ROAD, BLOCK-EJ, NO.-4, HOWRAH-711109', 'BALARAM SAHA', '08.05.1988', 'GENERAL', 'Male', '1', 0, 'FATHER', '', '', 'X', 'N', 'P'),
(12, 'SUCHANDRA MONDAL', 'F/01/2009/14', '9433498807', '007598', 'B.COM (H)', 429, 53.63, 2009, 'C.U', '21, K.P. KUMAR STREET, FLAT NO. 2B, BALLY, HOWRAH', 'CHANDRASEKHAR MONDAL', '24.02.1988', 'GENERAL', 'Female', '1', 1, 'FATHER', '', '', 'X', 'N', 'P'),
(13, 'K. RAJKUMAR', 'M/01/2009/15', '9903155906', '025131', 'B.COM (H)', 352, 44.00, 2009, 'C.U', '88/B, UNIT-1, B.F.SHIDING, SALIMAR, HOWRAH-711103', 'K. TARAKESHWAR RAO', '02.11.1988', 'GENERAL', 'Male', '1', 0, 'FATHER', '', '', 'X', 'N', 'P'),
(14, 'DIPSHIKHA MAITY', 'F/01/2009/16', '9433511554', '007746', 'B.COM (H)', 400, 50.00, 2009, 'C.U', 'SULTANPUR, SANTRAGACHI, JAGACHA, HOWRAH-711111', 'B.B. MAITY', '07.07.1988', 'GENERAL', 'Female', '1', 1, 'FATHER', '', '', 'X', 'N', 'P'),
(15, 'BARNALI HALDER', 'F/01/2009/17', '9831674038', '084213', 'B.COM (H)', 467, 58.38, 2009, 'C.U', 'ARABINDRA NAGAR, SAPUIPARA, BALLY, HOWRAH', 'SAPAN HALDER', '20.02.1988', 'GENERAL', 'Female', '1', 1, 'FATHER', '', '', 'X', 'N', 'P'),
(19, 'SAMPA ROY', 'F/01/2009/21', '9230662757', '098341', 'B.COM (H)', 370, 46.25, 2009, 'C.U', '123/2, RAMKRISHNAPUR LANE, SHIBPUR, HOWRAH-2', 'BIDYUT ROY', '29.09.1988', 'GENERAL', 'Female', '1', 1, 'FATHER', '', '', 'X', 'N', 'P'),
(20, 'SANGHAMITRA DAS', 'F/01/2009/22', '9804072013', '006064', 'B.COM (H)', 429, 53.63, 2009, 'C.U', 'PLOT-12, BLOCK-', 'SWAPAN KR. DAS', '19.03.1988', 'GENERAL', 'Female', '1', 1, 'FATHER', '', '', 'X', 'N', 'P'),
(21, 'SAYED IRSHAD', 'M/01/2009/23', '9883032990', '000932', 'B.COM (H)', 394, 49.25, 2009, 'C.U', 'SULTANPUR-1, SANTRAGACHI, JAGACHA, HOWRAH-711111', 'SAYED AKRAM', '14.05.1988', 'GENERAL', 'Male', '1', 1, 'FATHER', '', '', 'X', 'N', 'P'),
(22, 'PRIYANKA PANDEY', 'F/01/2010/01', '9804766481', '027156 OF 2005-06', 'B.COM (H)', 480, 60.00, 2008, 'C.U', '291/1, G.T.ROAD, SHIBPUR HOWRAH-711102', 'GOPAL PANDEY', '23.03.1987', 'GENERAL', 'Female', '2', 1, '', '', '', 'X', 'N', 'P'),
(23, 'PRIYANKA CHAKRABORTY', 'F/01/2010/02', '9883578307', '027157 OF 2005-06', 'B.COM (H)', 346, 43.25, 2008, 'C.U', '103/25, FORESHORE ROAD, SHIBPUR, HOWRAH-711102', 'ANITA CHAKRABORTY', '11.01.1986', 'GENERAL', 'Female', '2', 1, '', '', '', 'X', 'N', 'P'),
(24, 'SUCHISMITA SEN', 'F/01/2010/03', '9874327122', '022891 OF 2007-08', 'B.COM (H)', 423, 52.88, 2010, 'C.U', '32/18/9, MOTILAL MULLICK LANE, KOLKATA-700035', 'SANJUKTA SEN', '27.04.1989', 'GENERAL', 'Female', '2', 0, '', '', '', 'X', 'N', 'P'),
(25, 'ARUNIMA HAZRA', 'F/01/2010/04', '9432247927', '22790 OF 2007-08', 'B.COM (H)', 429, 53.63, 2010, 'C.U', '49, RAMANATH BHATTACHARJEE STREET, P.O.BEURMATH,HOWRAH', 'UTPAL KUMAR HAZRA', '29.07.1989', 'GENERAL', 'Female', '2', 1, '', '', '', 'X', 'N', 'P'),
(26, 'SAMUDRA ROY', 'M/01/2010/05', '9903918005', '025049 OF 2007-08', 'B.COM (H)', 366, 45.75, 2010, 'C.U', 'G.I.P. COLONY, NEAR DHARSHA MATH, HOWRAH-711112', 'PURNIMA ROY', '08.03.1990', 'GENERAL', 'Male', '2', 1, '', '', '', 'X', 'N', 'P'),
(27, 'MANAS KUMAR PATRA', 'M/01/2010/06', '9734429711', '080696 OF 2007-08', 'B.COM (H)', 415, 51.88, 2010, 'C.U', 'VILL-PURBA MANGAL CHK, P.O.-TERAPEKHIH, P.S.- NANDIRAM', 'SHIB PRASAD PATRA', '13.03.1988', 'GENERAL', 'Male', '2', 0, '', '', '', 'X', 'N', 'P'),
(28, 'SOUMYOJYOTI MONDAL', 'M/01/2010/07', '9007279418', '057747 OF 2007-08', 'B.COM (H)', 365, 45.63, 2010, 'C.U', '27/2, ANNANDA PRASAD BANERJEE LANE, HOWRAH-7111001', 'SEBANTI MONDAL', '09.04.1989', 'GENERAL', 'Male', '2', 1, '', '', '', 'X', 'N', 'P'),
(29, 'JAYITA GHOSH', 'F/01/2010/08', '9051153707', '68550 OF 2007-08', 'B.COM (H)', 375, 46.88, 2010, 'C.U', '41/1, S.P. BANERJEE ROAD, KOLKATA-35', 'SHIBENDRA NATH GHOSH', '05.04.1987', 'GENERAL', 'Female', '2', 1, '', '', '', 'X', 'N', 'P'),
(30, 'CHARAN DEY', 'M/01/2010/09', '9239182623', '68609 OF 2007-08', 'B.COM (H)', 431, 53.88, 2010, 'C.U', '61, MAHARAJ NANDAN KUMAR ROAD(N), KOLKATA-35', 'NARAYAN CHANDRA DEY', '02.08.1986', 'GENERAL', 'Male', '2', 1, '', '', '', 'X', 'N', 'P'),
(31, 'NEHA PATHAK ', 'F/01/2010/10', '9433963084', '093805 OF 2006-07', 'B.COM (H)', 417, 52.13, 2009, 'C.U', '25/4, N.S.ROAD, LILUAH, HOWRAH-711204', 'KAMAL KISHOR PATHAK', '25.10.1988', 'GENERAL', 'Female', '2', 1, '', '', '', 'X', 'N', 'P'),
(32, 'RITESH MONDAL', 'M/01/2010/11', '9477485834', '025026 OF 2006-07', 'B.COM (H)', 452, 56.50, 2009, 'C.U', '20/1/1/1, HALDER PARA LANE, HOWRAH-711104', 'JAMINI RANJAN MONDAL', '22.11.1987', 'GENERAL', 'Male', '2', 1, '', '', '', 'X', 'N', 'P'),
(33, 'MOLOY PANJA', 'M/01/2010/12', '9748656862', '024947 OF 2007-08', 'B.COM (H)', 442, 55.25, 2010, 'C.U', '317, G.T.ROAD, SHIBPUR, HOWRAH-711102', 'NANDALAL PANJA', '16.03.1988', 'GENERAL', 'Male', '2', 1, '', '', '', 'X', 'N', 'P'),
(34, 'NILANDITA MUKHERJEE', 'F/01/2010/13', '9830983509', '022898 OF 2007-08', 'B.COM (H)', 429, 53.63, 2010, 'C.U', '34/16, KASHINATH CHATTERJEE LANE, SHIBPUR HOWRAH-711102', 'SUBRATA MUKHERJEE', '19.08.1989', 'GENERAL', 'Female', '2', 1, '', '', '', 'X', 'N', 'P'),
(35, 'ASTIKA SRIMANY', 'F/01/2010/14', '9874122762', '070701 OF 2006-07', 'B.COM (H)', 407, 50.88, 2009, 'C.U', '15, MAHENDRA SRIMANI STREET, KOLKATA-700009', 'PROBIR SRIMANI', '08.09.1987', 'GENERAL', 'Female', '2', 1, '', '', '', 'X', 'N', 'P'),
(37, 'SOUVIK MUKHERJEE', 'M/01/2010/15', '9836553805', '025004 OF 2007-08', 'B.COM (H)', 457, 57.13, 2010, 'C.U', 'DHARSA BRAHMIN PARA, G.I.P. COLONY, HOWRAH-711112', 'SHYAMAL MUKHERJEE', '27.09.1989', 'GENERAL', 'Male', '2', 1, '', '', '', 'X', 'N', 'P'),
(38, 'TINA PAUL', 'F/01/2010/16', '9874210537', '077566 OF 2007-08', 'B.COM (H)', 384, 48.00, 2010, 'C.U', '5/2, RAJ CHANDRA SEN LANE, KOLKATA-700009', 'RAMBALLAV PAUL', '14.04.89', 'GENERAL', 'Female', '2', 1, '', '', '', 'X', 'N', 'P'),
(40, 'SATABDI DAS', 'F/01/2010/17', '9804110228', '003884 OF 2006-07', 'B.COM (H)', 408, 51.00, 2009, 'C.U', '7/14, GADHADHAR MISTIRI 2ND BYE LANE, HOWRAH-711104', 'PRADIP KUMAR DAS', '09.03.1988', 'GENERAL', 'Female', '2', 1, '', '2667-3984', '', 'X', 'N', 'P'),
(41, 'KAUSTABH DEY ', 'M/01/2010/18', '9432563260', '080692 OF 2007-08', 'B.COM (H)', 373, 46.63, 2010, 'C.U', '26/3/1, ICHAPUR ROAD, P.O.-KADAMTALA, P.S.-BANTRA, HOWRAH-711101', 'KAJAL KUMAR DEY', '21.07.1988', 'GENERAL', 'Male', '2', 0, '', '', '', 'X', 'N', 'P'),
(42, 'ANIRBAN BASU', 'M/01/2010/19', '9062364981', '025313 OF 2007-08', 'B.COM (H)', 464, 58.00, 2010, 'C.U', '5/6, NILKAMAL CHAKRABORTY LANE, SHIBPUR HOWRAH-711102', 'TARUN KUMAR BASU', '29.06.1989', 'GENERAL', 'Male', '2', 0, '', '', '', 'X', 'N', 'P'),
(43, 'RAJDEEP MITRA', 'M/01/2010/21', '9883233645', '036339 OF 2005-06', 'B.COM (H)', 336, 42.00, 2008, 'C.U', '93/4, KHETRA BANERJEE LANE, SHIBPUR HOWRAH-711102', 'PRODIP MITRA', '05.07.1987', 'GENERAL', 'Male', '2', 0, '', '', '', 'X', 'N', 'P'),
(44, 'SANTOSH KUMAR SHAW ', 'M/01/2010/22', '8013105850', '078167 OF 2007-08', 'B.COM (H)', 426, 53.25, 2010, 'C.U', 'C.T.I. ROAD, BIRADINGI SOUTH HOWRAH-711108', 'SANKAR SHAW', '01.04.1989', 'GENERAL', 'Male', '2', 0, '', '', '', 'X', 'N', 'P'),
(45, 'ISWAR MANI SHARMA', 'M/01/2010/23', '9051269593', '025243 OF 2007-08', 'B.COM (H)', 435, 54.38, 2010, 'C.U', '226/8, BELILIOUS ROAD, HOWRAH-711101', 'YAGYA PRASAD SHARMA', '12.06.1989', 'GENERAL', 'Male', '2', 1, '', '', '', 'X', 'N', 'P'),
(46, 'SUBHENDU SARKAR', 'M/01/2010/24', '8100292229', '017096 OF 2007-08', 'B.COM (H)', 340, 42.50, 2010, 'C.U', 'MOHIARY TAL PUKUR DHAR, P.O.- ANDUL MOURI, HOWRAH - 711302', 'SAMIR SARKAR', '15.01.1990', 'GENERAL', 'Male', '2', 1, '', '', '', 'X', 'N', 'P'),
(47, 'SUBHASISH JANA ', 'M/01/2010/25', '9163164755', '080523 OF 2007-08', 'B.COM (H)', 379, 47.38, 2010, 'C.U', 'KRISHNAPUR CHANDIBARIA, NEAR ANKUR CLUB, KOLKATA-102', 'HAREKRISHNA JANA', '05.07.1988', 'GENERAL', 'Male', '2', 1, '', '', '', 'X', 'N', 'P'),
(48, 'ARIJIT DUTTA', 'M/01/2010/26', '9883520452', '003317 OF 2006-07', 'B.COM (H)', 332, 41.50, 2010, 'C.U', '14/1/1, OLABIBYTALA 1ST BYE LANE, HOWRAH-711101', 'ALOKE DUTTA', '28.01.1988', 'GENERAL', 'Male', '2', 0, '', '', '', 'X', 'N', 'P'),
(49, 'ROUMIKA KUNDU ', 'M/01/2010/27', '9231999745', '080021 OF 2007-08', 'B.COM (H)', 388, 48.50, 2010, 'C.U', '48/9F, RAGHUNATH CHOWDHURY ROAD, KOLKATA-700015', 'KARTICK KUNDU', '22.05.1989', 'GENERAL', 'Male', '2', 1, '', '', '', 'X', 'N', 'P'),
(50, 'MILAN DHARTI MURMU', 'M/01/2010/28', '9831646828', '081658 OF 2007-08', 'B.COM (H)', 367, 45.88, 2010, 'C.U', 'SANTRAGACHI RLY QTR-B/48/3, POST-JAGACHA, HOWRAH -711111', 'RAMESWAR MURMU', '30.04.1989', 'GENERAL', 'Male', '2', 0, '', '', '', 'X', 'N', 'P'),
(51, 'SHILPI DUTTA', 'F/01/2010/29', '9007883932', '081720 OF 2007-08', 'B.COM (H)', 410, 51.25, 2010, 'C.U', 'SOUTH BAKSARA VILLAGE ROAD, NEAR KUSUM KUMARI SCHOOL, SANTRAGACHI', 'KAMAL DUTTA', '19.06.1988', 'GENERAL', 'Female', '2', 0, '', '', '', 'X', 'N', 'P'),
(52, 'ANAND KUMAR DUBEY', 'M/01/2010/30', '9883333922', '056334 OF 2007-08', 'B.COM (H)', 449, 56.13, 2010, 'C.U', '25/2, NEPAL SAHA LANE, HOWRAH-711101', 'AMAR NATH DUBEY', '05.08.1988', 'GENERAL', 'Male', '2', 0, '', '', '', 'X', 'N', 'P'),
(53, 'RANJIB MAITY', 'M/01/2010/31', '9477362713', '080865 OF 2007-08', 'B.COM (H)', 469, 58.63, 2010, 'C.U', '53/10/3, BON BEHARI BOSE ROAD, HOWRAH-711101', 'MONORANJAN MAITY', '14.07.1988', 'GENERAL', 'Male', '2', 0, '', '', '', 'X', 'N', 'P'),
(54, 'DANI KUMAR MISHRA', 'M/01/2010/32', '9007405127', '058292 OF 2007-08', 'B.COM (H)', 454, 56.75, 2010, 'C.U', 'JALAN ENGG. CO., C/O FAKIR MISTRI BAGAN DASNAGAR, HOWRAH-5', 'AMOD MISHRA', '01.06.1988', 'GENERAL', 'Male', '2', 0, '', '', '', 'X', 'N', 'P'),
(55, 'SUBHAMOY JANA', 'M/01/2010/33', '9433476281', '080521 OF 2007-08', 'B.COM (H)', 395, 49.38, 2010, 'C.U', '58/4, THAKUR RAMKRISHNA LANE, HOWRAH-4', 'KANAILAL JANA', '05.05.1989', 'GENERAL', 'Male', '2', 1, '', '', '', 'X', 'N', 'P'),
(58, 'JOITA CHAKRABORTY', 'F/01/2010/34', '9475137789', '069445 OF 2007-08', 'B.COM (H)', 563, 57.88, 2010, 'C.U', 'VILL-ROYNAGAR, P.O.+P.S. -DIAMOND HARBOUR, DIST.-24 PGS (S) PIN-743331', 'SUBIR CHAKRABORTY', '04.11.1988', 'GENERAL', 'Female', '2', 0, '', '', '', 'X', 'N', 'P'),
(59, 'SUMANTA GHOSH', 'M/01/2010/35', '9733963043', '052777 OF 2006-07', 'B.COM (H)', 388, 48.50, 2009, 'C.U', '8/1C, GURUPRASAD CHOWDHURY LANE, CALCUTTA-6', 'NABA KUMAR GHOSH', '22.04.1987', 'GENERAL', 'Male', '2', 1, '', '', '', 'X', 'N', 'P'),
(60, 'SOURAV SAHA', 'M/01/2010/37', '9830946904', '068598 OF 2007-08', 'B.COM (H)', 423, 52.88, 2010, 'C.U', 'NIMTA CHOWDHURY PARA ROAD, P.O.+ P.S.-NIMTA,KOLKATA-700049', 'BIMAL SAHA', '22.05.1988', 'GENERAL', 'Male', '2', 1, '', '', '', 'X', 'N', 'P'),
(61, 'BROJESH KUMAR SHAW', 'M/01/2010/38', '9804358484', '057672 OF 2007-08', 'B.COM (H)', 420, 52.50, 2010, 'C.U.', '1, ROUND TANK LANE, HOWRAH 711101', 'SHIV RATAN SHAW', '25.05.1990', 'GENERAL', 'Male', '2', 0, '', '', '', 'X', 'N', 'P'),
(62, 'KANISHK SINGH ', 'M/01/2010/39', '9681278262', '008671 OF 2005-06', 'B.COM (H)', 576, 38.40, 2010, 'C.U.', '16/1, MATE LANE MULLICK FATEK, HOWRAH-1', 'BIJOY SANKAR SINGH', '16.09.1986', 'GENERAL', 'Male', '2', 0, '', '', '', 'X', 'N', 'P'),
(63, 'SHIB SANKAR CHAKRABORTY', 'M/01/2010/40', '8013309195', '080650 OF 2007 - 08', 'B.COM (H)', 373, 46.63, 2010, 'C.U.', '2, GOP[AL BANERJEE LANE, KOLKATA 26', 'PIJUSH KANTI CHAKRABORTY', '01-08-1987', 'GENERAL', 'Male', '2', 1, '', '', '', 'X', 'N', 'P'),
(64, 'TARUNIMA PATRA', 'F/01/2011/01', '9051357722', '077308 OF 2008 - 09', 'B.COM (H)', 400, 50.00, 2011, 'C.U.', '60/2, NABIN SENAPATI LANE, HOWRAH, 711101', 'ABHISHEK DAS', '26-01-1990', 'GENERAL', 'Female', '3', 0, '', '', '', 'X', 'N', 'P'),
(65, 'SUBHASIS BERA', 'M/01/2011/02', '9051147314', '77258 OF 2008 - 09', 'B.COM (H)', 330, 41.25, 2011, 'C.U.', '9, KAILASH BOSE 3RD BYE LANE, HOWRAH, 711101', 'MADAN BERA', '30-07-1989', 'GENERAL', 'Male', '3', 0, '', '', '', 'X', 'N', 'P'),
(66, 'SWAGATA DAS', 'F/01/2011/03', '9874775755', '076192 OF 2008-09', 'B.COM (H)', 344, 43.00, 2011, 'C.U.', '72, G.T. ROAD(N), SALKIA, HOWRAH, 711106', 'TARUN KUMAR DAS', '20-07-1989', 'GENERAL', 'Female', '3', 0, '', '', '', 'X', 'N', 'P'),
(67, 'ALISAR MULLICK', 'F/01/2011/04', '9038765057', '076148 OF 2008-09', 'B.COM (H)', 336, 42.00, 2011, 'C.U.', '36/10/2, HARACHAND MUKHERJEE LANE, HOWRAH 711101', 'ABUL KALAM MALLICK', '05-04-1990', 'GENERAL', 'Female', '3', 0, '', '', '', 'X', 'N', 'P'),
(68, 'MAUMITA DEBNATH', 'F/01/2011/05', '9681520123', '076149 OF 2008-09', 'B.COM (H)', 399, 49.87, 2011, 'C.U.', '335, NETAJI SUBHAS ROAD, HOWRAH, 711101', 'MONORANJAN DEBNATH', '05-07-1990', 'GENERAL', 'Female', '3', 0, '', '', '', 'X', 'N', 'P'),
(69, 'SAYANJIT RAKSHIT', 'M/04/2011/06', '9804124212', '060465 OF 2008-09', 'B.COM (H)', 340, 42.50, 2011, 'C.U.', '9/2, KASUNDIA LANE, HOWRAH, 711104', 'SHYAMAL RAKSHIT', '01-02-1991', 'OBC-A', 'Male', '3', 0, '', '', '', 'X', 'N', 'P'),
(70, 'ABHINANDAN KUMAR SINGH', 'M/01/2011/07', '9836593156', '039103 OF 2008-09', 'B.COM (H)', 538, 67.25, 2011, 'C.U.', '12,BHAR PARA ROAD, SHALIMAR APT, HOWRAH, 711103', 'SHATRUGHAN SINGH', '11-02-1990', 'GENERAL', 'Male', '3', 0, '', '', '', 'X', 'N', 'P'),
(71, 'ROHIT KUMAR TEWARI', 'M/01/2011/08', '8013118394', '077158 OF 2008-09', 'B.COM (H)', 421, 53.00, 2011, 'C.U.', '20/1, RAJANI KANTA ROYCHOUDHURY LANE, HOWRAH, 711103', 'ROHIT KUMAR TEWARI', '24-02-1989', 'GENERAL', 'Male', '3', 0, '', '', '', 'X', 'N', 'P'),
(72, 'PUJA GUPTA', 'F/01/2011/09', '8013342944', '066251 OF 2008-09', 'B.COM (H)', 344, 43.00, 2011, 'C.U.', '31, HEM GHOSH LANE, SHIBPUR(S), HOWRAH 711102', 'UMA SANKAR GUPTA', '28-02-1989', 'GENERAL', 'Female', '3', 0, '', '', '', 'X', 'N', 'P'),
(73, 'PRIYANKA CHAKRABORTY', 'F/01/2011/10', '9836258316', '076190 OF 2008-09', 'B.COM (H)', 343, 42.88, 2011, 'C.U', '132, ''V'' ROAD, SHANPUR, PANCHANANTALA, DASNAGAR, HOWRAH', 'TAPAN CHAKRABORTY', '07-10-1990', 'GENERAL', 'Female', '3', 0, '', '', '', 'X', 'N', 'P'),
(74, 'SUBHAJEET PAUL', 'M/01/2011/11', '9831874306', '049725 OF 2008-09', 'B.COM (H)', 415, 52.00, 2011, 'C.U', '28, DOLLYOBINDA SINGHA LANE, SALKIYA, HOWRAH, 711106', 'SHIV SANKAR PAUL', '13-06-1990', 'GENERAL', 'Male', '3', 0, '', '', '', 'X', 'N', 'P'),
(75, 'TAMALY JANA', 'F/01/2011/13', '8013700547', '043250 OF 2008-09', 'B.COM (H)', 427, 53.37, 2011, 'C.U', '19/2B/1, LALABABU SHIRE ROAD, P.O. BELURMATH, HOWRAH', 'ANIMA JANA', '23-08-1989', 'GENERAL', 'Female', '3', 0, '', '', '', 'X', 'N', 'P'),
(76, 'ARUNDHATI GIRI', 'F/01/2011/15', '9830782182', '076171 OF 2008-09', 'B.COM (H)', 425, 53.12, 2011, 'C.U.', '19, NETAJI SUBHASH ROAD, HOWRAH, 711101', 'TAPAN KUMAR GIRI', '22-09-1989', 'GENERAL', 'Female', '3', 0, '', '', '', 'X', 'N', 'P'),
(77, 'KANCHAN KUMARI VERMA', 'F/01/2011/16', '9748531076', '031578', 'B.COM (H)', 400, 50.00, 2011, 'C.U.', '15, PANCHANANTALA ROAD, HOWRAH, 711101', 'TARKESHWAR VERMA', '27-07-1990', 'GENERAL', 'Female', '3', 0, '', '', '', 'X', 'N', 'P'),
(78, 'MADHAVI GUPTA', 'F/01/2011/17', '9681627453', '018785', 'B.COM (H)', 405, 50.62, 2011, 'C.U.', '36, RAMESHWAR MALLIK LANE, HOWRAH, 711101', 'BRAHOMDEO PRASAD GUPTA', '22-11-1990', 'GENERAL', 'Female', '3', 0, '', '', '', 'X', 'N', 'P'),
(79, 'MANOGYAN PRIYADARSHINI', 'F/01/2013/01', '9088231223', '412-1221-0378-10', 'B.COM (H)', 414, 46.00, 2013, 'C.U.', '1, BHARPARA ROAD, P.O. B. GARDEN, HOWRAH, 711103', 'GOPAL CHANDRA ROUT', '05-02-1993', 'GENERAL', 'Female', '5', 0, '', '', '', 'X', 'N', 'P'),
(80, 'SOUJATA BHATTACHARYA', 'M/01/2013/02', '9007608710', '112-1121-0825-10', 'B.COM (H)', 384, 42.67, 2013, 'C.U.', '57/2, SITA NATH BOSE LANE, SALKIA, HOWRAH, 711106', 'LALU BHATTACHARYA', '25-07-1992', 'GENERAL', 'Male', '5', 0, '', '', '', 'X', 'N', 'P'),
(81, 'SUBHAJIT DAS', 'M/01/2013/03', '8961151401', '224-1121-0339-09', 'B.COM (H)', 480, 60.00, 2012, 'C.U.', '23/1, ISMAIL ST. P.O. ENTALLY, KOLKATA, 700014', 'SIB SANKAR DAS', '12-04-1990', 'GENERAL', 'Male', '5', 0, '', '', '', 'X', 'N', 'P'),
(82, 'SABIR ALI', 'M/04/2013/04', '8296969381', '412-1121-0268-10', 'B.COM (H)', 462, 51.33, 2013, 'C.U.', '10, P.M. BUSTEE 2ND BYE LANE, SHIBPUR, HOWRAH, 711102', 'AINUL HAQUE', '29-08-1993', 'OBC-A', 'Male', '5', 0, '', '', '', 'X', 'N', 'P'),
(83, 'SUBHRADEEP KUNDU', 'M/01/2013/05', '9748072713', '412-1121-0834-09', 'B.COM (H)', 457, 57.13, 2012, 'C.U.', '297, SARAT CHATTERJEE LANE, SHIBPUR, HOWRAH, 711102', 'PRASANTA KUNDU', '20-08-1991', 'GENERAL', 'Male', '5', 0, '', '', '', 'X', 'N', 'P'),
(84, 'SUMAIYA PARVIN', 'F/01/2013/06', '9674365840', '58205 OF 2008-09', 'B.COM (H)', 381, 47.63, 2011, 'C.U.', '26L, KUSTIA ROAD, KOLKATA, 700039', 'SK ISMAIL', '03-04-1989', 'GENERAL', 'Female', '5', 0, '', '', '', 'X', 'N', 'P'),
(85, 'PAYEL PATHAK', 'F/01/2013/07', '8981428559', '141-1221-0443-10', 'B.COM (H)', 408, 45.33, 2013, 'C.U.', '80, BIRESWAR CHATTERJEE STREETBALLY, HOWRAH, 711201', 'PRONAB KUMAR PATHAK', '06-02-1992', 'GENERAL', 'Female', '5', 0, '', '', '', 'X', 'N', 'P'),
(86, 'ANUSRI DAS', 'F/01/2013/08', '9433908577', '411-1221-0901-10', 'B.COM (H)', 508, 56.44, 2013, 'C.U.', '12/1, JADU MUKHERJEE LANE, SHIBPUR, HOWRAH, 711102', 'SHYAMAL KUMAR DAS', '08-08-1992', 'GENERAL', 'Female', '5', 0, '', '', '', 'X', 'N', 'P'),
(87, 'SOUMITA BHANDARI', 'F/01/2013/09', '9339312854', '412-1221-0806-10', 'B.COM (H)', 462, 51.33, 2013, 'C.U.', 'CHUNABHATI, LEBUKHALI MATH, UTTAR PODRA, SANKRAIL, HOWRAH, 711110', 'SHANKAR BHANDARI', '22-08-1993', 'GENERAL', 'Female', '5', 0, '', '', '', 'X', 'N', 'P'),
(88, 'SUSRITA KUSHARI', 'F/01/2013/10', '9051708552', '412-1221-0382-10', 'B.COM (H)', 447, 49.67, 2013, 'C.U.', '12/4, SOUTH BUXARAH, VILLAGE ROAD, P.O. BUXARAH, HOWRAH, 711110', 'PARESH KUSHARI', '01-05-1991', 'GENERAL', 'Female', '5', 0, '', '', '', 'X', 'N', 'P'),
(89, 'ARUN MAITY', 'M/01/2013/11', '9836080190', '412-1121-0244-10', 'B.COM (H)', 428, 47.56, 2013, 'C.U.', 'THE ORIENTAL INSURANCE CO. LTD., P-4 DOBSON LANE, 711101', 'SANKAR MAITY', '03-11-1991', 'GENERAL', 'Male', '5', 0, '', '', '', 'X', 'N', 'P'),
(90, 'MADHURIMA GHOSH', 'F/01/2013/12', '9903899505', '412-1221-0399-10', 'B.COM (H)', 383, 42.56, 2013, 'C.U.', '8A/1, KAILASH CHANDRA LANE, HOWRAH, 711101', 'ASHOKE KUMAR GHOSH', '07-12-1991', 'GENERAL', 'Female', '5', 0, '', '', '', 'X', 'N', 'P'),
(91, 'FAUZIA KHAN', 'F/01/2013/13', '7271644746', '411-1221-0914-10', 'B.COM (H)', 360, 40.00, 2013, 'C.U.', '36/19, HARA CHAND MUKHERJEE LANE, HOWRAH, 711101', 'ALAM KHAN', '15-06-1993', 'GENERAL', 'Female', '5', 0, '', '', '', 'X', 'N', 'P'),
(92, 'PAYEL HAZRA', 'F/01/2013/14', '9230412527', '411-1221-0933-10', 'B.COM (H)', 360, 40.00, 2013, 'C.U.', 'DOMJUR, (SASTITALA), P.O.-DOMJUR, HOWRAH, 711405', 'NIKHIL HAZRA', '14-07-1992', 'GENERAL', 'Female', '5', 0, '', '', '', 'X', 'N', 'P'),
(93, 'ARNAB MAITY', 'F/01/2013/15', '9804143129', '412-1121-0259-10', 'B.COM (H)', 413, 45.89, 2013, 'C.U.', '88, COLLEGE ROAD, FLAT-201, BLOCK-A, RABINDRANAGAR COMPLEX, HOWRAH, 711103', 'ARUN MAITY', '26-11-1992', 'GENERAL', 'Female', '5', 0, '', '', '', 'X', 'N', 'P'),
(94, 'BISWAJIT DAS', 'M/01/2013/16', '9903564604', '412-1121-0278-10', 'B.COM (H)', 482, 53.56, 2013, 'C.U.', 'VIVEKANANDA NAGAR, PODRA COLONY, P.O.-PODRA, P.S.-SANKRAIL, HOWRAH, 711109', 'GANGA DAS', '29-01-1991', 'GENERAL', 'Male', '5', 0, '', '', '', 'X', 'N', 'P'),
(95, 'JENES KHALKHO', 'F/03/2013/17', '9804203720', '043-1223-0423-10', 'B.COM(H)', 376, 41.78, 2013, 'C.U.', '84/1 SOUTH BAKSARA ROAD, SHANTINAGAR COLONY, HOWRAH-711104', 'PRABHAT KHALKHO', '02-10-1990', 'ST', 'Female', '5', 0, '', '', '', 'X', 'N', 'P'),
(96, 'PAMPI ROY', 'F/01/2013/18', '9007108729', '411-1221-0237-09', 'B.COM(H)', 364, 45.50, 2012, 'C', 'P.O.- UNSANI, SASTITALA, P.S.-JAGACHA, HOWRAH-711302', 'NIKHIL KUMAR ROY', '01-01-1992', 'GENERAL', 'Female', '5', 0, '', '', '', 'X', 'N', 'P'),
(97, 'PAYEL BANERJEE', 'F/01/2013/19', '9339797608', '411-1221-0951-10', 'B.COM(H)', 408, 45.33, 2013, 'C.U.', '812, SARAT CHATTERJEE ROAD, SANTRAGACHI, HOWRAH-711104', 'KESHAB BANERJEE', '04-06-1993', 'GENERAL', 'Female', '5', 0, '', '', '', 'X', 'N', 'P'),
(98, 'NASREEN REZA', 'F/01/2013/20', '8961604699', '011-1221-0084-10', 'B.COM(H)', 490, 54.44, 2013, 'C.U.', '322, G.T.ROAD SHIBPUR,P.O. + P.S.-SHIBPUR,HOWRAH-711102', 'SK. ALI REZA', '18-01-1991', 'GENERAL', 'Female', '5', 0, '', '', '', 'X', 'N', 'P'),
(99, 'FARIHA RASHID', 'F/01/2013/21', '9674184456', '011-1221-0325-10', 'B.COM(H)', 399, 44.33, 2013, 'C.U.', '27A SIR SAYED AHMED ROAD, KOLKATA-14, PIN-700014', 'SHAHID RASHID', '09-12-1989', 'GENERAL', 'Female', '5', 0, '', '', '', 'X', 'N', 'P'),
(100, 'SUKANTA KUMAR DAS', 'M/01/2013/22', '8961357251', '222-1121-0320-10', 'B.COM(H)', 429, 47.67, 2013, 'C.U.', '133, SITANATH BOSE LANE, SALKIA, HOWRAH-711106', 'PRASANTA KUMAR DAS', '30-11-1991', 'GENERAL', 'Male', '5', 0, '', '', '', 'X', 'N', 'P'),
(101, 'DEBOBRATA DUTTA', 'M/01/2013/23', '9143184946', '432-1121-1560-10', 'B.COM(H)', 532, 59.11, 2013, 'C.U.', '13/3, SWAMI VIVEKANANDA ROAD, HOWRAH-711101', 'SUBHAS DUTTA', '05-02-1988', 'GENERAL', 'Male', '5', 0, '', '', '', 'X', 'N', 'P'),
(102, 'VIJAY PRATAP SINGH', 'M/01/2013/25', '9883412845', '016805 OF 2008-09', 'B.COM(H)', 463, 57.88, 2011, 'C.U.', '24, NABO GOPAL MUKHERJEE LANE, SHIBPUR, HOWRAH-711102', 'KRISHNA BIR SINGH', '04-04-1990', 'GENERAL', 'Male', '5', 0, '', '', '', 'X', 'N', 'P'),
(103, 'PROBHAT KUMAR PATNAIK', 'M/01/2009/26', '9804415261', '412-1121-0569-10', 'B.COM(H)', 446, 49.56, 2013, 'C.U.', '43, BHARPARA ROAD P.O. B. GARDEN HOWRAH-711103', 'LATE PROKASH CHANDRA PATNAIK', '06-08-1992', 'GENERAL', 'Male', '5', 0, '', '', '', 'X', 'N', 'P'),
(104, 'SUMIT KUMAR GUPTA', 'M/01/2013/27', '9804766655', '412-1121-0562-10', 'B.COM(H)', 425, 47.22, 2013, 'C.U.', '44/1, NASKAR PARA LANE, P.O.- B. GARDEN, P.S.- SHIBPUR, HOWRAH-711103', 'KAILASG GUPTA', '06-05-1993', 'GENERAL', 'Male', '5', 0, '', '', '', 'X', 'N', 'P'),
(105, 'PAPIYA DEY', 'F/01/2013/28', '8582982409', '412-1221-0400-10', 'B.COM(H)', 385, 42.78, 2013, 'C.U.', '200, SARAT CHATTERJEE ROAD, SHIBPUR HOWRAH-711102', 'LATE GOPAL DEY', '29-05-1991', 'GENERAL', 'Female', '5', 0, '', '', '', 'X', 'N', 'P'),
(106, 'DEBASMITA DEY', 'F/01/2013/29', '9681447651', '411-1221-0864-10', 'B.COM(H)', 455, 50.56, 2013, 'C.U.', '14, HRIDAY KRISHNA BANERJEE LANE, HOWRAH-711101', 'MANIK CHANDRA DEY', '15-11-1992', 'GENERAL', 'Female', '5', 0, '', '', '', 'X', 'N', 'P'),
(107, 'ADRIJ CHATTERJEE', 'M/01/2013/30', '8981564820', '412-1121-0579-10', 'B.COM(H)', 459, 51.00, 2013, 'C.U.', '2/3, PRANKRISHNA TARKARLANKAR LANE, SHIBPUR, HOWRAH-711102', 'NABA KUMAR CHATTERJEE', '11-06-1192', 'GENERAL', 'Male', '5', 0, '', '', '', 'X', 'N', 'P'),
(108, 'INDRANI DEB', 'F/01/2013/31', '8013228602', '412-1221-0369-10', 'B.COM(H)', 426, 47.33, 2013, 'C.U.', '52, CIRCULAR 1ST BYE LANE, GHOSHPARA, GOVERMENT RENTAL HOUSING ESTATE BLOCK-A, FLAT- 10, HOWRAH-711104', 'SANTOSH KUMAR DEB', '08-11-1991', 'GENERAL', 'Female', '5', 0, '', '', '', 'X', 'N', 'P'),
(109, 'SAJAL ROY ', 'M/04/2013/32', '9051304481', '111-1121-0246-10', 'B.COM(H)', 411, 45.67, 2013, 'C.U.', 'BAGUIATI, ASHWINI NAGAR, PUBALI IH/1/9, P.S+ P.O- BAGUIHATI, PIN-700159', 'SWAPAN ROY', '02-10-1992', 'OBC-A', 'Male', '5', 0, '', '', '', 'X', 'N', 'P'),
(110, 'SUBARNA DAS KHAN', 'F/01/2013/33', '8017038051', '411-1221-0890-10', 'B.COM(H)', 476, 52.89, 2013, 'C.U.', '25/2, PANCHANAN CHATTERJEE LANE, HOWRAH-711101', 'SUSANTA DAS KHAN', '12-10-1992', 'GENERAL', 'Female', '5', 0, '', '', '', 'X', 'N', 'P'),
(111, 'SHRESHTHA SANYAL', 'F/01/2013/34', '8420553755', '411-1221-0031-10', 'B.COM(H)', 402, 44.67, 2013, 'C.U.', '53/D/4, CS. MUKHERJEE STREET KONNAGAR, HOOGHLY-712235', 'LATE SANTANU SANYAL', '03-07-1991', 'GENERAL', 'Female', '5', 0, '', '', '', 'X', 'N', 'P'),
(112, 'SARBAJIT BANERJEE', 'M/01/2013/35', '9051066958', '412-1121-0362-10', 'B.COM(H)', 485, 53.89, 2013, 'C.U.', 'ARCHANA BHAWAN, UTTAR NIBIRA PANCHANANTALA, P.O- NIBIRA ,P.S.-DOMJUR, HOWRAH-711409', 'SOBHAN BANERJEE', '13-06-1992', 'GENERAL', 'Male', '5', 0, '', '', '', 'X', 'N', 'P'),
(113, 'NAMITA SINHA', 'F/01/2013/36', '9804006455', '046663 OF 2008-09', 'B.COM(H)', 426, 53.25, 2011, 'C.U.', '61, BALLUGUNGE GARDENS, 3RD FLOOR, OPPOSITE GOLPARK RALIES, KOLKATA-700019', 'NAWIN KUMAR SINHA', '24-11-1991', 'GENERAL', 'Female', '5', 0, '', '', '', 'X', 'N', 'P'),
(114, 'AMIT KUMAR DAS', 'M/01/2013/37', '9748897042', '224-1121-0256-09', 'B.COM(H)', 436, 54.50, 2012, 'C.U.', '62, RABINDRA SARANI LILUH HOWRAH-711204', 'JIBAN KRISHNA DAS', '24-01-1991', 'GENERAL', 'Male', '5', 0, '', '', '', 'X', 'N', 'P'),
(115, 'SUBHASIS BISWAS', 'M/01/2013/38', '9681173538', '412-1121-0395-10', 'B.COM(H)', 418, 46.44, 2013, 'C.U.', 'VILL- CHANDRABATI VILLAGE ROAD P.O- PODRAH P.S- SAKRAIL, HOWRAH-711109', 'LATE DILIP BISWAS', '22-09-1992', 'GENERAL', 'Male', '5', 0, '', '', '', 'X', 'N', 'P'),
(116, 'TASHMINA KARIM', 'F/01/2013/39', '9748422702', '011-1221-0344-09', 'B.COM(H)', 388, 48.50, 2012, 'C.U.', '3H/11, ANJUMAN ROAD KOLKATA-700014', 'REZA KARIM', '25-09-1991', 'GENERAL', 'Female', '5', 0, '', '', '', 'X', 'N', 'P'),
(117, 'SARFARAZ ANWAR', 'M/01/2013/40', '9883232942', '111-1121-0261-09', 'B.COM(H)', 359, 44.88, 2013, 'C.U.', '18/1, P.M. BUSTI 1ST BYE LANE, SHIBPUR HOWRAH -2', 'MD. ANWAR ALI', '31-05-1987', 'GENERAL', 'Male', '5', 0, '', '', '', 'X', 'N', 'P'),
(118, 'PRIYANKA CHOWDHURY', 'F/01/2013/41', '8296293433', '412-1221-0381-10', 'B', 392, 43.56, 2013, 'C.U.', 'CHUNAVATI P.O- PODRAH, NEAR BHAGHAJATIN CLUB HOWRAH-9', 'ARUN CHOWDHURY', '23-07-1992', 'GENERAL', 'Female', '5', 0, '', '', '', 'X', 'N', 'P'),
(119, 'RAHUL ROY CHOWDHURY', 'M/01/2013/42', '8420249057', '412-1121-0361-10', 'B.COM(H)', 365, 40.56, 2013, 'C.U.', '57/13, BAKSARA VILLAGE ROAD P.O-BAKSARA, SANTRAGACHI, HOWRAH-711110', 'RANJAN ROY CHOWDHURY', '16-06-1991', 'GENERAL', 'Male', '5', 0, '', '', '', 'X', 'N', 'P'),
(120, 'SINGH ARTI VINAYKUMAR', 'F/01/2013/44', '9330013235', '213-1221-0799-10', 'B.COM(H)', 437, 48.56, 2013, 'C.U.', '11, SHANTINAGAR COLONY, LILUAH, HOWRAH-711204', 'VINAYKUMAR SINGH', '16-08-1992', 'GENERAL', 'Female', '5', 0, '', '', '', 'X', 'N', 'P'),
(121, 'AJAY KUMAR RAI', 'M/01/2013/45', '9883292851', '112-1121-0850-09', 'B.COM(H)', 448, 56.00, 2012, 'C.U.', '493, G.T. ROAD, NEW COLLEGE LANE, SHIBPUR HOWRAH-711102', 'RAM BILASH RAI', '05-02-1990', 'GENERAL', 'Male', '5', 0, '', '', '', 'X', 'N', 'P'),
(122, 'MOHAMMAD ARIF HUSSAIN', 'M/01/2013/46', '8100240555', '412-1121-1164-09', 'B.COM(H)', 496, 62.00, 2013, 'C.U.', '10/1, P.M. BUSTI 2ND BYE LANE, SHIBPUR, HOWRAH-711102', 'MOHAMMAD ABID HUSSAIN', '1-11-1991', 'GENERAL', 'Male', '5', 0, '', '', '', 'X', 'N', 'P'),
(123, 'SUBRATA DAS', 'M/01/2013/47', '8583844408', '412-1121-0288-10', 'B.COM(H)', 387, 43.00, 2013, 'C.U.', 'HANSKALI POLE, CHANDMARI ROAD, BALIR MATH, P.O.- DANESH SHAKE LANE, HOWRAH-9', 'KACHI DAS', '27-07-1991', 'GENERAL', 'Male', '5', 0, '', '', '', 'X', 'N', 'P'),
(124, 'JIT SAHA', 'M/01/2013/48', '9804353985', '412-1121-0895-09', 'B.COM(H)', 380, 47.50, 2012, 'C.U.', '132/1/2, SHIBPUR ROAD, HOWRAH-2', 'BABUL CHANDRA SAHA', '20-10-1990', 'GENERAL', 'Male', '5', 0, '', '', '', 'X', 'N', 'P'),
(125, 'ROSHNAI SAHOO', 'F/01/2013/49', '9748075266', '411-1221-0921-10', 'B.COM(H)', 470, 52.22, 2013, 'C.U.', 'MOURIGRAMA STN. PARA, P.O. DUILLA, HOWRAH,711302', 'AMPTAVA SHAW', '19-08-1991', 'GENERAL', 'Female', '5', 0, '', '', '', 'X', 'N', 'P'),
(126, 'URMI CHATTERJEE', 'F/01/2013/50', '8296766507', '411-1221-0904-10', 'B.COM(H)', 447, 49.67, 2013, 'C.U.', '151/A/11, MAHENDRA BHATTACHARYA ROAD, HOWRAH, 711104', 'BIMAN KUMAR CHATTERJEE', '30-07-1990', 'GENERAL', 'Female', '5', 0, '', '', '', 'X', 'N', 'P'),
(127, 'DEEPJYOTI GHOSHAL', 'M/01/2013/51', '9007963432', '412-1121-0250-10', 'B.COM(H)', 446, 49.56, 2013, 'C.U.', '733, SARAT CHATTERJEE ROAD, SHIBPUR, HOWRAH, 711102', 'TAPAN GHOSHAL', '14-10-1992', 'GENERAL', 'Male', '5', 0, '', '', '', 'X', 'N', 'P'),
(128, 'KANCHAN KUMARI YADAV', 'F/01/2013/52', '9231975908', '213-1224-0932-10', 'B.COM(H)', 503, 55.89, 2013, 'C.U.', '33/34, RAMESHWAR MALIA LANE, HOWRAH, 711101', 'RAMBILASH YADAV', '28-05-1991', 'GENERAL', 'Female', '5', 0, '', '', '', 'X', 'N', 'P'),
(129, 'RANITA MUKHERJEE', 'F/01/2013/53', '8981221046', '043-1221-0948-10', 'B.COM(H)', 518, 57.56, 2013, 'C.U.', '2, PRASANNA KR. DUTTA LANE, SHIBPUR, HOWRAH, 711102', 'RAJAT SUBHRA MUKHERJEE', '12-11-1992', 'GENERAL', 'Female', '5', 0, '', '', '', 'X', 'N', 'P'),
(130, 'MOHAMMED TARIQUE HANFI', 'M/01/2013/54', '9804556868', 'A01-1112-1431-09', 'B.COM(H)', 1125, 53.57, 2013, 'C.U.', '35/1, BRISHT ST. GROUND FLOOR, FLAT NO. 1, KOLKATA, 700017', 'KHURSHID ALAM', '08-08-1990', 'GENERAL', 'Male', '5', 0, '', '', '', 'X', 'N', 'P'),
(131, 'NEZAUL HODA', 'M/01/2013/55', '7439275201', '117-1121-1001-10', 'B.COM(H)', 446, 49.56, 2013, 'C.U.', '17/B, SHAMSUL HUDA ROAD, KOLKATA, 700017', 'RIAZUL HODA', '19-07-1998', 'GENERAL', 'Male', '5', 0, '', '', '', 'X', 'N', 'P'),
(132, 'SUJIT BANERJEE', 'M/01/2014/02', '8013255672', '412-1121-1234-11', 'B.COM(H)', 600, 66.67, 2014, 'C.U.', 'DOMJUR (SASTITALA), P.O.+P.S.-DOMJUR, HOWRAH, 711405', 'SANKAR BANERJEE', '01-03-1993', 'GENERAL', 'Male', '6', 0, '', '', '', 'X', 'N', 'P'),
(133, 'ARNAB JANA', 'M/01/2014/01', '7797210875', '120238 OF 2011-12', 'B.COM(H)', 552, 69.00, 2014, 'V.U.', 'VILL-JYOTI, P.O.-UCHUNDIHA, P.S.-DANPAL, PASCHIM MIDNAPUR, 721451', 'ANANTA JANA', '20-11-1992', 'GENERAL', 'Male', '6', 0, '', '', '', 'X', 'N', 'P'),
(134, 'KUSHAL ROY', 'M/01/2014/03', '9775133146', '443-1121-0157-11', 'B.COM(H)', 510, 56.67, 2014, 'C.U.', 'VILL+P.O.-PASHPUR, P.S.-JANGIPARA, HOOGHLY, 712408', 'BASUDEV ROY', '12-08-1993', 'GENERAL', 'Male', '6', 0, '', '', '', 'X', 'N', 'P'),
(135, 'PRIYANKA CHATTERJEE', 'F/01/2014/04', '8272964769', '411-1221-0186-11', 'B.COM(H)', 507, 56.33, 2014, 'C.U.', '18, BONBIHARI BOSE ROAD, HOWRAH, 711101', 'GOLOK CHATTERJEE', '25-07-1992', 'GENERAL', 'Female', '6', 0, '', '', '', 'X', 'N', 'P'),
(136, 'SAYANI GANGULY', 'F/01/2014/06', '8961615683', '621-1221-0047-11', 'B.COM(H)', 498, 55.33, 2014, 'C.U.', '1, SUKANTA SARANI, BHADRAKALI, HOOGHLY, 712232', 'PRANAB GANGULY', '15-02-1993', 'GENERAL', 'Female', '6', 0, '', '', '', 'X', 'N', 'P'),
(137, 'RAHUL KANRAR', 'M/01/2014/07', '8013867139', '412-1121-0165-11', 'B.COM(H)', 497, 55.22, 2014, 'C.U.', '109/19/1, SASTRI NARENDRA NATH GANGULY ROAD, SANTRAGACHI, HOWRAH-711104', 'UTPAL KNRAR', '19-11-1992', 'GENERAL', 'Male', '6', 0, '', '', '', 'X', 'N', 'P'),
(138, 'NITESH TANDON', 'M/01/2014/08', '8478972129', '126-1121-0752-11', 'B.COM(H)', 487, 54.11, 2014, 'C.U.', '1, ROUND TANK LANE, RAMKRISHNAPUR, PIN- 711101', 'PUSHPA TANDON', '01-07-01992', 'GENERAL', 'Male', '6', 0, '', '', '', 'X', 'N', 'P'),
(139, 'PRIYA KRI SINGH', 'F/01/2014/09', '9830729295', '411-1221-0250-11', 'B.COM(H)', 486, 54.00, 2014, 'C.U.', '32, BHAR PARA ROAD, FLAT NO. 303, B.GARDEN, HOWRAH-711103', 'BINOD SINGH', '28-06-1994', 'GENERAL', 'Female', '6', 0, '', '', '', 'X', 'N', 'P'),
(140, 'MOUSUMI MONDAL', 'F/01/2014/10', '8697239172', '411-1221-0117-11', 'B.COM(H)', 495, 55.00, 2014, 'C.U.', '46, RAMKRISHNA PALLI, HANSKHALI POLE, BAKULTALAA, HOWRAH-711109', 'DIPAK KUMAR MONDAL', '29-10-1992', 'GENERAL', 'Female', '6', 0, '', '', '', 'X', 'N', 'P'),
(141, 'SUBHENDU BERA', 'M/01/2014/05', '9735603413', 'APPLIED FOR', 'B.COM(H)', 872, 56.26, 2013, 'NSOU', 'VILL- GOPALPUR, P.O.- BAGNAN, P.S.- BAGNAN, HOWRAH-711303', 'BIMAL CHANDRA BERA', '04-01-1990', 'GENERAL', 'Male', '6', 0, '', '', '', 'X', 'N', 'P'),
(142, 'SNEHA DEY', 'F/01/2014/11', '7278866721', '431-1221-1143-11', 'B.COM(H)', 474, 52.67, 2014, 'C.U.', '13, PANCHANANTALA STREET, P.O- BELUR MATH, HOWRAH-711202', 'RANJIT DEY', '20-05-1993', 'GENERAL', 'Female', '6', 0, '', '', '', 'X', 'N', 'P'),
(143, 'SUSHMITA DEY', 'F/01/2014/12', '7688016654', '621-1221-0003-10', 'B.COM(H)', 437, 48.56, 2013, 'C.U.', '214, B.B.D. ROAD , P.O. - HINDMOTOR, P.S.- UTTARPARA, HOOGHLY-712233', 'ARUN BARAN DEY', '08-10-1992', 'GENERAL', 'Female', '6', 0, '', '', '', 'X', 'N', 'P'),
(144, 'POOJA SINGH', 'F/01/2014/13', '9830729295', '412-1221-0391-10', 'B.COM(H)', 464, 51.56, 2013, 'C.U.', '32, BHAR PARA ROAD, FLAT NO. 303, B.GARDEN, HOWRAH-711103', 'BINOD SINGH', '16-03-1993', 'GENERAL', 'Female', '6', 0, '', '', '', 'X', 'N', 'P'),
(145, 'SUVOLINA DUTTA', 'F/01/2014/14', '9831518717', '213-1221-0819-10', 'B.COM(H)', 457, 50.78, 2014, 'C.U.', '16/B GOLOK DUTTA LANE, KOLKATA-700005', 'ANJANA DUTTA', '03-05-1991', 'GENERAL', 'Female', '6', 0, '', '', '', 'X', 'N', 'P'),
(146, 'UTTARAN DUTTA', 'M/01/2014/15', '7278877513', '211-1121-0575-11', 'B.COM(H)', 453, 50.33, 2014, 'C.U.', '36/9A, SAHITYA PARISAD STREET, PIN -700006', 'UTTAM DUTTA', '16-06-1993', 'GENERAL', 'Male', '6', 0, '', '', '', 'X', 'N', 'P'),
(147, 'CHIRANJIT MONDAL', 'M/01/2014/16', '9804807055', '432-1121-0503-11', 'B.COM(H)', 447, 49.67, 2014, 'C.U.', '44/2/4, BISESWAR BANERJEE LANE, KADAMTALA, HOWRAH-711101', 'ABHIJIT MONDAL', '15-03-1994', 'GENERAL', 'Male', '6', 0, '', '', '', 'X', 'N', 'P'),
(148, 'SHARAD YADAV', 'M/05/2014/17', '9874424955', '115-1121-2267-09', 'B.COM(H)', 397, 49.63, 2013, 'C.U.', '56/2, SATKARI CHATTERJEE LANE, HOWRAH-711101', 'RAM VIJAY YADAV', '10-12-1989', 'OBC-B', 'Male', '6', 0, '', '', '', 'X', 'N', 'P'),
(149, 'SUPARNA ADHYA', 'F/01/2014/18', '9007823707', '411-1221-0154-11', 'B.COM(H)', 433, 48.11, 2014, 'C.U.', '13/1, AMRITA PYNE LANE, HOWRAH-711101', 'ALOKE KR. ADHYA', '28-07-1993', 'GENERAL', 'Female', '6', 0, '', '', '', 'X', 'N', 'P'),
(150, 'SAMIK PAL', 'M/01/2014/19', '9432671241', '222-1121-0109-10', 'B.COM(H)', 429, 47.67, 2014, 'C.U.', '13/1, DHARMADAS KUNDU LANE, SHIBPUR HOWRAH-711102', 'DIPAK KUMAR PAL', '08-09-1990', 'GENERAL', 'Male', '6', 0, '', '', '', 'X', 'N', 'P'),
(151, 'PRANOY DEY', 'M/04/2014/20', '9433104215', '412-1121-0326-11', 'B.COM(H)', 426, 47.33, 2014, 'C.U.', 'ARABINDA ROAD, P.O.- SANTRAGACHI P.S.- JAGACHA, HOWRAH-711104', 'BARUN DEY', '07-02-1994', 'OBC-A', 'Male', '6', 0, '', '', '', 'X', 'N', 'P'),
(152, 'SANDIP TIWARI', 'M/01/2014/21', '7439467505', '412-1121-1218-11', 'B.COM(H)', 444, 49.33, 2014, 'C.U.', '53/1/1, NASKAR PARA LANE, B. GARDEN HOWRAH-711103', 'DEVI PRASAD TIWARI', '10-05-1993', 'GENERAL', 'Male', '6', 0, '', '', '', 'X', 'N', 'P'),
(153, 'JAYDEB MIDYA', 'M/01/2014/22', '8013942969', '412-1121-0150-11', 'B.COM(H)', 421, 46.78, 2014, 'C.U.', 'VILL.- RATANPUR, P.O.- DEBIPUR, P.S.- NANDIGRAM, PURBO MEDINIPUR-721650', 'NIMAICHAND MIDYA', '31-05-1993', 'GENERAL', 'Male', '6', 0, '', '', '', 'X', 'N', 'P'),
(154, 'MANAS BANERJEE', 'M/01/2014/23', '9038288755', '412-1121-0694-11', 'B.COM(H)', 414, 46.00, 2014, 'C.U.', '43, BHARPARA ROAD P.O. B. GARDEN HOWRAH-711103', 'CHANDI BANERJEE', '17-02-1993', 'GENERAL', 'Male', '6', 0, '', '', '', 'X', 'N', 'P'),
(155, 'ARINDAM PAUL', 'M/01/2014/24', '9163982574', '432-1121-0521-11', 'B.COM(H)', 395, 43.89, 2014, 'C.U.', '10, ''X'' ROAD SWAMIJINAGAR, BELGACHIA, HOWRAH-711108', 'ARABINDA PAUL', '20-08-1994', 'GENERAL', 'Male', '6', 0, '', '', '', 'X', 'N', 'P'),
(156, 'SANDIP NEOGI', 'M/01/2014/25', '9836983667', '432-1121-0531-11', 'B.COM(H)', 371, 41.22, 2014, 'C.U.', '51, KANTAPUKUR 3RD BYE LANE, KADAMTALA, HOWRAH-711101', 'SANJOY NEOGI', '24-04-1992', 'GENERAL', 'Male', '6', 0, '', '', '', 'X', 'N', 'P'),
(157, 'SOURAV MONDAL', 'M/01/2014/26', '9830306594', '432-1121-0646-11', 'B.COM(H)', 431, 47.89, 2014, 'C.U.', '56, BISHWASHWAR BANERJEE LANE, KADAMTALA, HOWRAH-711101', 'CHANDANA MONDAL', '09-12-1991', 'GENERAL', 'Male', '6', 0, '', '', '', 'X', 'N', 'P'),
(158, 'ANINDITA PAL', 'F/01/2014/27', '8013739976', '411-1221-0163-11', 'B.COM(H)', 432, 48.00, 2014, 'C.U.', '22/1, KANTAPUKUR 3RD BYE LANE, P.O.- KADAMTALA, HOWRAH- 711101', 'ASIM KUMAR PAL ', '19-09-1993', 'GENERAL', 'Female', '6', 0, '', '', '', 'X', 'N', 'P'),
(159, 'HEMONTA POREL', 'M/01/2014/28', '7679087992', '212-1121-0370-10', 'B.COM(H)', 523, 58.11, 2013, 'C.U.', 'VILL.-SINGTI, SIBPUR, P.S. - UDAYWARAYANPUR, HOWRAH-711226', 'NIRAPADA POREL', '06-11-1991', 'GENERAL', 'Male', '6', 0, '', '', '', 'X', 'N', 'P'),
(160, 'SABYASACHI SARKAR', 'M/01/2014/29', '9038163845', '112-1121-0135-11', 'B.COM(H)', 430, 47.73, 2014, 'C.U.', 'S. KALACHAND NANDY LANE, HOWRAH- 711101', 'BISWANATH SARKAR', '13-02-1993', 'GENERAL', 'Male', '6', 0, '', '', '', 'X', 'N', 'P'),
(161, 'RAJKUMAR MANNA', 'M/01/2014/30', '9038615905', '412-1121-0322-11', 'B.COM(H)', 450, 50.00, 2014, 'C.U.', 'ICHAPUR SEALDANGA, P.O. - SANTRAGACHI HOWRAH-711104', 'ASHIS MANNA', '14-09-1993', 'GENERAL', 'Male', '6', 0, '', '', '', 'X', 'N', 'P'),
(162, 'PIYALI CHATTERJEE', 'F/01/2014/31', '9830543498', '112-1221-0014-11', 'B.COM(H)', 484, 53.78, 2014, 'C.U.', '71/2, BISESWAR BANERJEE LANE, HOWRAH-1', 'ASIS CHATTERJEE', '27-12-1992', 'GENERAL', 'Female', '6', 0, '', '', '', 'X', 'N', 'P'),
(163, 'TANAYA DAS', 'F/01/2014/32', '8981165460', '112-1221-0015-11', 'B.COM(H)', 493, 54.78, 2014, 'C.U.', '106, ''V'' ROADDASNAGAR BESIDES NETAJI SUBHAS BOYS HIGH SCHOOL,HOERAH-711105', 'SWAPAN DAS', '17-10-1992', 'GENERAL', 'Female', '6', 0, '', '', '', 'X', 'N', 'P'),
(164, 'PAYEL GHOSH', 'F/01/2014/33', '9038332327', '112-1221-0001-11', 'B.COM(H)', 428, 47.56, 2014, 'C.U.', '14, MADHAB MUKHERJEE LANE, BALLY, HOWRAH-711201', 'SUBIR GHOSH', '06-10-1993', 'GENERAL', 'Female', '6', 0, '', '', '', 'X', 'N', 'P'),
(165, 'MARINA SAMANTA', 'F/01/2014/34', '8961029474', '411-1221-0264-09', 'B.COM(H)', 442, 55.25, 2012, 'C.U.', '6, BON BIHARI BOSE ROAD, SANDHYA BAZAR, HOWRAH-711101', 'ASHOK KUMAR SAMANTA', '28-09-1991', 'GENERAL', 'Female', '6', 0, '', '', '', 'X', 'N', 'P'),
(166, 'DEBOSREE SADHUKHAN', 'F/01/2014/35', '9038534690', '411-1221-0316-09', 'B.COM(H)', 423, 52.88, 2012, 'C.U.', '329, NETAJI SUBHAS ROAD, HOWRAH-711101', 'UMA SADHUKHAN', '23-11-1991', 'GENERAL', 'Female', '6', 0, '', '', '', 'X', 'N', 'P'),
(167, 'AMIT KUMAR PANDEY', 'M/01/2014/36', '9836023808', '126-1121-0657-11', 'B.COM(H)', 556, 61.78, 2014, 'C.U.', '50, SIR HARIRAM GOENKA STREET (3RD FLOOR), KOLKATA-700007', 'SUBHAJIT PANDEY', '13-08-1992', 'GENERAL', 'Male', '6', 0, '', '', '', 'X', 'N', 'P'),
(168, 'ANUPAM MISHRA', 'M/01/2014/37', '8981798077', '122-1121-0550-11', 'B.COM(H)', 483, 53.67, 2014, 'C.U.', 'D15/5, GOVERNMENT HOUSING ESTATE, EAST SAPUI PARA, BALLY, HOWRAH- 711227', 'RAMESH MISHRA', '01-02-1993', 'GENERAL', 'Male', '6', 0, '', '', '', 'X', 'N', 'P'),
(169, 'ATUL KUMAR TIWARI', 'M/01/2014/38', '8981188993', '122-1121-0260-11', 'B.COM(H)', 474, 52.67, 2014, 'C.U.', '1/130 MIR PARA ROAD, LILUAH, BHATTNAGAR, HOWRAH', 'UMESH TIWARI', '25-03-1992', 'GENERAL', 'Male', '6', 0, '', '', '', 'X', 'N', 'P'),
(170, 'PANKAJ KR. SINGH', 'M/01/2014/39', '9038725534', '126-1121-0041-11', 'B.COM(H)', 495, 55.00, 2014, 'C.U.', '9, HOOGHLY JUTE MILL GARDENREACH ROAD, KOLKATA- 700043', 'SHIBH NARAYAN SINGH', '30-06-1993', 'GENERAL', 'Male', '6', 0, '', '', '', 'X', 'N', 'P'),
(171, 'YOGESH SHARMA', 'M/01/2014/40', '9674664584', 'A01-1112-1239-11', 'B.COM(H)', 1156, 55.05, 2014, 'C.U.', '35, SHASHI BHUSHAN SANKAR LANE, SALKIA, HOWRAH-711106', 'DINESH SHARMA', '05-09-1992', 'GENERAL', 'Male', '6', 0, '', '', '', 'X', 'N', 'P'),
(172, 'VICKY KUMAR SINGH', 'M/01/2014/41', '9163622951', '011-1121-0705-11', 'B.COM(H)', 486, 54.00, 2014, 'C.U.', 'P-17, SONARPUR ROAD, HIDE ROAD EXTN, BIECOLAWRIE PETROL PUMP, KOLKATA-700088', 'RAJENDRA SINGH', '08-10-1994', 'GENERAL', 'Male', '6', 0, '', '', '', 'X', 'N', 'P'),
(173, 'SAYAN NAG', 'M/01/2014/42', '9831167769', '413-1121-0307-11', 'B.COM(H)', 433, 48.11, 2014, 'C.U.', '7, SADHAN MAJUMDER LANE, HOWRAH', 'SUPRIYA RANJAN NAG', '07-03-1994', 'GENERAL', 'Male', '6', 0, '', '', '', 'X', 'N', 'P'),
(174, 'VIVEK KUMAR PRASAD', 'M/01/2014/43', '9163763738', '235-1121-0196-11', 'B.COM(H)', 502, 55.78, 2014, 'C.U.', '31, GRAND TUNK ROAD, 2ND FLOOR, FLATNO. 220 (NORTH), HOWRAH-711101', 'BARMESHWAR PRASAD', '21-04-1994', 'GENERAL', 'Male', '6', 0, '', '', '', 'X', 'N', 'P'),
(175, 'MADHUPARNA JANA', 'F/01/2012/01', '8017601168', '411-1221-0282-09', 'B.COM(H)', 512, 64.00, 2012, 'C.U.', '19/3/1, KEDAR BHATTACHARYA LANE, HOWRAH-711104', 'ARUN JANA', '07-10-1990', 'GENERAL', 'Female', '4', 0, '', '', '', 'X', 'N', 'P'),
(176, 'SK. MAKSUD ALI', 'M/01/2012/02', '9874659627', '423-1121-0796-09', 'B.COM(H)', 502, 62.75, 2012, 'C.U.', 'VILL + P.O.- BANHARISHPUR, P.S.- PANCHLA, HOWRAH-711322', 'SK. MOMIN', '15-03-1991', 'GENERAL', 'Male', '4', 0, '', '', '', 'X', 'N', 'P'),
(177, 'SHREYA TARAFDAR', 'F/01/2012/03', '9433808162', '034-1221-0357-09', 'B.COM(H)', 481, 60.12, 2012, 'C.U.', '38, NABOKUMAR NANDI LANE, HOWRAH-711101', 'SUJIT TARAFDAR', '10-04-1991', 'GENERAL', 'Female', '4', 0, '', '', '', 'X', 'N', 'P'),
(178, 'SK. NAIMUL BARIK', 'M/01/2012/04', '9748455978', '412-1121-0063-09', 'B.COM(H)', 464, 58.00, 2012, 'C.U.', 'THANAMAKHUA, S.B. ROAD, P.O- D.S.LANE, HOWRAH-711109', 'SK. ANSAR ALI', '04-02-1992', 'GENERAL', 'Male', '4', 0, '', '', '', 'X', 'N', 'P'),
(179, 'AMIT KUMAR PANDEY', 'M/01/2012/05', '9051650957', '060629 OF 2008-09', 'B.COM(H)', 446, 55.75, 2012, 'C.U.', 'I.H.P., Q/NO.- 14, TEXMACO-ESTATE BELGHARIA, KOLKATA-700056', 'KRISHAN GOPAL PANDEY', '22-06-1990', 'GENERAL', 'Male', '4', 0, '', '', '', 'X', 'N', 'P'),
(180, 'TRISA BANERJEE', 'F/01/2012/06', '8972742495', '224-1221-1242-09', 'B.COM(H)', 441, 55.12, 2012, 'C.U.', 'SHYAM LAL PARA, P.O.-KALNA, BURDWAN, PIN-713409', 'ADIP BANERJEE', '26-07-1991', 'GENERAL', 'Female', '4', 0, '', '', '', 'X', 'N', 'P'),
(181, 'ANIRUDDHA PAL', 'M/01/2012/07', '9732620722', '443-1121-0229-09', 'B.COM(H)', 438, 54.75, 2012, 'C.U.', 'VILL- KURCHI P.O+P.S.- UDAYNARAYANPUR, HOWRAH-711226', 'TARA SANKAR PAL', '26-04-1991', 'GENERAL', 'Male', '4', 0, '', '', '', 'X', 'N', 'P'),
(182, 'PIALI KUNDU', 'F/01/2012/08', '9239088565', '411-1221-0251-09', 'B.COM(H)', 438, 54.75, 2012, 'C.U.', '8/1, HIRALAL BANERJEE ROAD, SHIBPUR HOWRAH-711102', 'PRONAB KUNDU', '07-07-1991', 'GENERAL', 'Female', '4', 0, '', '', '', 'X', 'N', 'P'),
(183, 'DINA B NANDOSWALA', 'F/01/2012/09', '9062745979', '411-1221-0283-09', 'B.COM(H)', 437, 54.62, 2012, 'C.U.', '45/2, GOPAL BANERJEE LANE, HOWRAH-711101', 'BARIOR R NANDDODWALLA', '23-05-1991', 'GENERAL', 'Female', '4', 0, '', '', '', 'X', 'N', 'P'),
(184, 'ABHISHEK KUMAR MUKHERJEE', 'M/01/2012/10', '9038412096', '122-1121-0212-09', 'B.COM(H)', 434, 54.25, 2012, 'C.U.', '15/3, ANANTA DEB MUKHERJEE LANE, SHIBPUR,HOWRAH-711102', 'TAPAS MUKHERJEE', '10-05-1991', 'GENERAL', 'Male', '4', 0, '', '', '', 'X', 'N', 'P'),
(185, 'SUDIPTA ROY', 'F/01/2012/12', '9830037671', '411-1221-0268-09', 'B.COM(H)', 426, 53.25, 2012, 'C.U.', '65, HRIDAY KRISHNA BANERJEE LANE, HOWRAH-711101', 'DINABANDHU ROY', '14-03-1991', 'GENERAL', 'Female', '4', 0, '', '', '', 'X', 'N', 'P'),
(186, 'PAYEL NANDY', 'F/01/2012/13', '9038582264', '411-1221-0287-09', 'B.COM(H)', 422, 52.75, 2012, 'C.U.', '6, SARAT DUTTA LANE, KADAMTALA,HOWRAH-711101', 'SAKTI PADA NANDY', '26-02-1991', 'GENERAL', 'Female', '4', 0, '', '', '', 'X', 'N', 'P'),
(187, 'ANUP KUMAR DAS', 'M/01/2012/14', '9339562798', '442-1121-0412-09', 'B.COM(H)', 416, 52.00, 2012, 'C.U.', '8/1, KAIBORTA PARA LANE, SALKIA, HOWRAH-711106', 'SHAMBHU KUMAR DAS', '21-09-1990', 'GENERAL', 'Male', '4', 0, '', '', '', 'X', 'N', 'P'),
(188, 'RUNA JASU', 'F/01/2012/15', '9433633737', '411-1221-0269-09', 'B.COM(H)', 415, 51.88, 2012, 'C.U.', '18/4/9, ''P'' ROAD, BELGACHIA, HOWRAH-711108', 'SANAT KUMAR JASU', '24-11-1990', 'GENERAL', 'Female', '4', 0, '', '', '', 'X', 'N', 'P'),
(189, 'MAHUA MODAK', 'F/01/2012/16', '7278363770', '411-1221-0274-09', 'B.COM(H)', 411, 51.38, 2012, 'C.U.', '210, SHIBPUR ROAD, P.O+P.S.-SHIBPUR, HOWRAH-711102', 'GANAPATI MODAK', '29-02-1992', 'GENERAL', 'Female', '4', 0, '', '', '', 'X', 'N', 'P'),
(190, 'JEET SINHA', 'M/01/2012/17', '9830427696', '141-1121-0130-09', 'B.COM(H)', 410, 51.25, 2012, 'C.U.', '97B SUREN SANKAR ROAD, BELIAGHATA, KOLKATA-700010', 'RABINDRA NATH SINHA', '17-09-1991', 'GENERAL', 'Male', '4', 0, '', '', '', 'X', 'N', 'P'),
(191, 'AKHILESH KUMAR JHA', 'M/01/2012/18', '8981435626', '022-1121-0216-09', 'B.COM(H)', 407, 50.88, 2012, 'C.U.', '122/106, T.N. MUKHERJEE ROAD, GHUSURI, HOWRAH', 'BIRENDRA JHA', '22-03-1991', 'GENERAL', 'Male', '4', 0, '', '', '', 'X', 'N', 'P'),
(192, 'SHRUTI SINGH', 'M/01/2012/19', '9831082311', '132-1221-0007-09', 'B.COM(H)', 405, 50.62, 2012, 'C.U.', '400, G.T. ROAD, SHIBPUR, HOWRAH-711103', 'ANIL KUMAR SINGH', '29-12-1991', 'GENERAL', 'Male', '4', 0, '', '', '', 'X', 'N', 'P'),
(193, 'RITAM BHATTACHARYA', 'M/01/2012/20', '8961189185', '412-1121-0900-09', 'B.COM(H)', 403, 50.38, 2012, 'C.U.', '13, CHOWDHURYPARA 1ST BYE LANE, P.O- SANTRAGACHI, HOWRAH-711104', 'MALAY BHATTACHARYA', '25-07-1991', 'GENERAL', 'Male', '4', 0, '', '', '', 'X', 'N', 'P'),
(194, 'KAMALESH MAJI', 'M/01/2012/21', '9735375189', '442-1121-0007-09', 'B.COM(H)', 399, 49.88, 2012, 'C.U.', 'VILL.- SARPOTA, P.O- DEBANDIA, P.S- AMTA, HOWRAH-711410', 'RANJAN KUMAR MAJI', '17-01-1991', 'GENERAL', 'Male', '4', 0, '', '', '', 'X', 'N', 'P'),
(195, 'ARINDOM NASKAR', 'M/02/2012/22', '9903056820', '126-1122-0588-09', 'B.COM(H)', 400, 50.00, 2012, 'C.U.', 'S.N. BOSE ROAD, PODRA HOWRAH-711109', 'DEBDAS KUMAR NASKAR', '10-09-1991', 'SC', 'Male', '4', 0, '', '', '', 'X', 'N', 'P'),
(196, 'RUSHITA PODDAR', 'F/01/2012/23', '9038540256', '132-1221-0010-09', 'B.COM(H)', 396, 49.50, 2012, 'C.U.', 'SHANTIKUNJ APARTMENT, 95/A, LAL BAHADUR SHASTRI ROAD, KONAGAR, HOOGHLY-712235', 'JAYANTA PODDAR', '28-04-1991', 'GENERAL', 'Female', '4', 0, '', '', '', 'X', 'N', 'P'),
(197, 'PIYALI KOLEY', 'F/01/2012/24', '9804897097', '431-1221-0275-09', 'B.COM(H)', 389, 48.62, 2012, 'C.U.', '12/10, GOPAL GHOSH LANE, SALKIA, HOWRAH-711106', 'JOHAR KOLEY', '15-04-1992', 'GENERAL', 'Female', '4', 0, '', '', '', 'X', 'N', 'P'),
(198, 'PUNAM BHADRA', 'F/01/2012/25', '9831409918', '112-1221-0669-09', 'B.COM(H)', 386, 48.25, 2012, 'C.U.', '32/1/2, MAHESH PAUL LANE, SANTRAGACHI, P.O.-SANTRAGACHI, HOWRAH-711104', 'PROSANTA BHADRA', '30-09-1990', 'GENERAL', 'Female', '4', 0, '', '', '', 'X', 'N', 'P'),
(199, 'SURAJ NATH', 'M/01/2012/26', '9038784256', '432-1121-0357-09', 'B.COM(H)', 381, 47.62, 2012, 'C.U.', '16/7, HALDER PARA LANE, HOWRAH-711104', 'GOPAL NATH', '11-08-1991', 'GENERAL', 'Male', '4', 0, '', '', '', 'X', 'N', 'P'),
(200, 'SHAIKA NAZEEN', 'F/01/2012/27', '9038337623', '412-1221-1098-09', 'B.COM(H)', 381, 47.62, 2012, 'C.U.', '374/4, SARAT CHATTERJEE ROAD, HOWRAH-3', 'S.K. ANSARI', '29-11-1990', 'GENERAL', 'Female', '4', 0, '', '', '', 'X', 'N', 'P'),
(201, 'AYAN MUKHERJEE', 'M/01/2012/28', '9038530412', '112-1121-0562-09', 'B.COM(H)', 380, 47.50, 2012, 'C.U.', '912/9, NEPAL SAHA LANE, HOWRAH-711101', 'ANUP MUKHERJEE', '12-11-1991', 'GENERAL', 'Male', '4', 0, '', '', '', 'X', 'N', 'P'),
(202, 'PALLABI SAMANTA', 'F/01/2012/29', '9062363741', '412-1221-0485-09', 'B.COM(H)', 380, 47.50, 2012, 'C.U.', '16/11, OLABIBITALA 1ST BYE LANE, HOWRAH-711104', 'NARAYAN SAMANTA', '26-04-1992', 'GENERAL', 'Female', '4', 0, '', '', '', 'X', 'N', 'P'),
(203, 'DEBARATI SARKAR', 'F/01/2012/30', '9830690776', '034-1221-0485-09', 'B.COM(H)', 373, 46.62, 2012, 'C.U.', '46/3, KALI KUMAR MUKHERJEE LANE, SHIBPUR HOWRAH-711102', 'DEBASIS SARKAR', '17-02-1991', 'GENERAL', 'Female', '4', 0, '', '', '', 'X', 'N', 'P');
INSERT INTO `student` (`id`, `name`, `clg_ref_no`, `phn`, `cu_reg_no`, `last_exam`, `last_exam_marks`, `last_exam_per`, `last_exam_yr`, `last_uni_nm`, `address`, `guardian_nm`, `dob`, `caste`, `sex`, `session`, `exam_session`, `relation`, `landline`, `email`, `last_college`, `is_handicaped`, `status`) VALUES
(204, 'MANISHA NAYAK', 'F/01/2012/31', '8621926722', '411-1221-0278-09', 'B.COM(H)', 372, 46.50, 2012, 'C.U.', '17, ISHWAR DUTTA LANE, HOWRAH-711101', 'KARUNA KAR NAYAK', '20-09-1991', 'GENERAL', 'Female', '4', 0, '', '', '', 'X', 'N', 'P'),
(205, 'MD. EKHLAKH AHMED', 'M/01/2012/32', '9831664514', '112-1121-0278-09', 'B.COM(H)', 370, 46.25, 2012, 'C.U.', '1, FORESHORE ROAD, SHALIMAR, SHIBPUR, HOWRAH-711102', 'MD. NASIR AHMED', '16-03-1992', 'GENERAL', 'Male', '4', 0, '', '', '', 'X', 'N', 'P'),
(206, 'DHIRENDRA SINGH', 'M/01/2012/33', '9874423971', '126-1121-0540-09', 'B.COM(H)', 367, 45.88, 2012, 'C.U.', '23/24, RAMESWAR MALIA LANE, HOWRAH-1', 'SATYANARYAN SINGH', '10-02-1989', 'GENERAL', 'Male', '4', 0, '', '', '', 'X', 'N', 'P'),
(207, 'PRIYANKA DUBEY', 'F/01/2012/34', '9830131345', '213-1221-0576-09', 'B.COM(H)', 363, 45.38, 2012, 'C.U.', '15/4, P.K.ROY CHOWDHURY 2ND BYE LANE, P.O.- B.GARDEN,, HOWRAH-711103', 'TARAKESWAR PRASAD DUBEY', '01-06-1991', 'GENERAL', 'Female', '4', 0, '', '', '', 'X', 'N', 'P'),
(208, 'NILOFAR SHAHAB', 'F/03/2012/35', '9831160713', '117-1221-0022-09', 'B.COM(H)', 361, 45.12, 2012, 'C.U.', '102H/4, MADAN MOHAN BARMAN STREET, KOLKATA-7', 'SHAHABUDDIN SHAHAB', '15-07-1989', 'ST', 'Female', '4', 0, '', '', '', 'X', 'N', 'P'),
(210, 'VARSHA SHARMA', 'F/01/2012/37', '9903634632', '125-1221-0165-09', 'B.COM(H)', 351, 43.88, 2012, 'C.U.', '5, RAJ BALLAV SAHA LANE, HOWRAH-711101', 'RAMESH KUMAR SHARMA', '21-01-1991', 'GENERAL', 'Female', '4', 0, '', '', '', 'X', 'N', 'P'),
(211, 'SUBHAJIT PAUL', 'M/01/2012/38', '8420895880', '412-1221-0535-09', 'B.COM(H)', 351, 43.88, 2012, 'C.U.', '3/1/3, P.K. ROY CHOWDHURY 1ST BYE LANE, P.O-B.GARDEN, HOWRAH-711103', 'TAPAS KUMAR PAUL', '06-05-1991', 'GENERAL', 'Male', '4', 0, '', '', '', 'X', 'N', 'P'),
(212, 'MADHUPARNA CHATTERJEE', 'F/01/2012/39', '9804400801', '412-1221-0535-09', 'B.COM(H)', 345, 43.12, 2012, 'C.U.', '33/6/3, KASHINATH CHATTERJEE LANE, SHIBPUR, HOWRAH-2', 'PRADIP KUMAR CHATTERJEE', '22-10-1991', 'GENERAL', 'Female', '4', 0, '', '', '', 'X', 'N', 'P'),
(213, 'ANIKA RASHID', 'F/01/2012/40', '9874865609', '041-1221-1030-09', 'B.COM(H)', 344, 43.00, 2012, 'C.U.', '13A/3, CHAMRU KHANSAMA LANE , KOLKATA-700017', 'RASHID AHMED', '23-09-1989', 'GENERAL', 'Female', '4', 0, '', '', '', 'X', 'N', 'P'),
(214, 'PRIYANKA CHARABORTY', 'F/01/2012/41', '9836612460', '411-1221-0304-09', 'B.COM(H)', 342, 42.75, 2012, 'C.U.', '74, DAYAL BANERJEE ROAD, P.O. + P.S.- SHIBPUR, HOWRAH-711102', 'SAMAR KUMAR CHAKRABORTY', '25-08-1990', 'GENERAL', 'Female', '4', 0, '', '', '', 'X', 'N', 'P'),
(215, 'DILIP SHARMA ', 'M/04/2012/42', '9088860118', '016-1121-0754-09', 'B.COM(H)', 331, 41.38, 2012, 'C.U.', 'VILL.- GOBRA NETAJI NAGAR, P.O.- CHANDITALA, HOOGHLY, PIN-712702', 'JAWAHARLAL SHARMA', '24-09-1989', 'OBC-A', 'Male', '4', 0, '', '', '', 'X', 'N', 'P'),
(216, 'DEBALEENA MUKHERJEE', 'F/01/2012/43', '9830527114', '141-1221-0229-09', 'B.COM(H)', 387, 43.88, 2012, 'C.U.', '23A, SURI LANE, KOLKATA-700014', 'ATANU MUKHERJEE', '01-02-1990', 'GENERAL', 'Female', '4', 0, '', '', '', 'X', 'N', 'P'),
(217, 'SRIJANI GHOSH', 'F/01/2012/44', '9432323915', '411-1221-0279-09', 'B.COM(H)', 426, 53.25, 2012, 'C.U.', '2A/2, BHUTNATH MUKHERJEE ROAD, SHIBPUR, HOWRAH-711102', 'SARADINDU GHOSH', '26-04-1992', 'GENERAL', 'Female', '4', 0, '', '', '', 'X', 'N', 'P'),
(218, 'JAYANTAN DAS', 'M/04/2012/45', '9239333294', '412-1121-0896-09', 'B.COM(H)', 457, 57.13, 2012, 'C.U.', '53/5, DHARMATAL LANE, SHIBPUR HOWRAH-2', '457', '18-08-1991', 'OBC-A', 'Male', '4', 0, '', '', '', 'X', 'N', 'P'),
(219, 'SUPRIYA BAIN', 'F/02/2012/46', '9163010776', '411-1222-0261-09', 'B.COM(H)', 367, 45.88, 2012, 'C.U.', 'KONA HOGH ROAD , CHAMNAIL DAKHSHINPARA,HOWRAH-711114', 'SUKLAL BAIN', '20-04-1992', 'SC', 'Female', '4', 0, '', '', '', 'X', 'N', 'P'),
(220, 'AITULLAH KHAN', 'M/01/2012/47', '8981022430', '412-1121-0167-09', 'B.COM(H)', 459, 57.38, 2012, 'C.U.', '376/2, SARAT CHATTERJEE ROAD, H.I.T. PLOT NO. 74, HOWRAH-711103', 'WAIZUN KHAN', '03-02-1991', 'GENERAL', 'Male', '4', 0, '', '', '', 'X', 'N', 'P'),
(221, 'NAKUL KUMAR PRASAD', 'M/01/2012/48', '9681569161', '143-1121-1005-09', 'B.COM(H)', 520, 65.00, 2012, 'C.U.', 'C/O LAXMI DEVI ALUPATTY NEAR JAIKIRAN BESIDES WATERTAP, SILIGURI-734001', 'PRASURAM PRASAD', '28-07-1990', 'GENERAL', 'Male', '4', 0, '', '', '', 'X', 'N', 'P'),
(222, 'RAHUL DALUI', 'M/01/2012/49', '9681569161', '211-1121-0571-09', 'B.COM(H)', 494, 61.75, 2012, 'C.U.', '3H/31, TARINI CHARAN GHOSH LANE, KOLKATA-700002', 'BALAI CHANDRA DALUI', '24-11-1990', 'GENERAL', 'Male', '4', 0, '', '', '', 'X', 'N', 'P'),
(223, 'DELAWAR HUSSAIN', 'M/01/2012/50', '9836244906', '412-1121-1140-09', 'B.COM(H)', 508, 63.50, 2012, 'C.U.', '17/2, SEAL BUTI 2ND BYE LANE, SHIBPUR, HOWRAH-711102', 'SHAHJAHAN', '20-05-1992', 'GENERAL', 'Male', '4', 0, '', '', '', 'X', 'N', 'P'),
(224, 'SUJATA PATRA', 'F/01/2012/51', '8013739344', '043268 OF 2008-09', 'B.COM(H)', 382, 47.75, 2012, 'C.U.', '144/7, NASKAR PARA ROAD, GHUSURI HOWRAH-7', 'GOPAL CHANDRA PATRA', '14-010-1989', 'GENERAL', 'Female', '4', 0, '', '', '', 'X', 'N', 'P'),
(225, 'KHUSHBU PRASAD', 'F/01/2012/52', '9088228260', '132-1221-0040-09', 'B.COM(H)', 431, 53.88, 2012, 'C.U.', '3/1/1, RAJ BALLAV SAHA LANE HOWRAH-711101', 'SURENDRA PRASAD', '21-07-1990', 'GENERAL', 'Female', '4', 0, '', '', '', 'X', 'N', 'P'),
(226, 'TALINA CHAKRABORTY', 'F/01/2012/53', '8100432567', '125-1221-0039-09', 'B.COM(H)', 432, 54.00, 2010, 'C.U.', 'PURASREE PATRAPARA CHANDANNAGAR, HOOGHLY, PIN-712136', 'SOMA CHAKRABORTY', '05-09-1991', 'GENERAL', 'Female', '4', 0, '', '', '', 'X', 'N', 'P'),
(227, 'AKIB ISLAM', 'M/04/2012/54', '9641927446', '09SXC011571 OF 2009-12', 'B.COM(H)', 1204, 75.25, 2012, 'C.U.', 'BB-27/1, SALTLAKE, SECTOR-1, NEAR TANK NO.-2, KOLKATA-64', 'NURUL ISLAM', '09-03-1990', 'OBC-A', 'Male', '4', 0, '', '', '', 'X', 'N', 'P'),
(228, 'ANUJA GIRIA', 'F/01/2012/55', '8902227271', '034-1221-0059-09', 'B.COM(H)', 364, 45.50, 2012, 'C.U.', '493/B, G.T. ROAD, FLOWER VALLEY, BLOCK-B5, FLAT NO. 304, HOWRAH-2', 'RAJENDRA PRASAD GIRIA', '03-01-1991', 'GENERAL', 'Female', '4', 0, '', '', '', 'X', 'N', 'P'),
(229, 'ARANYA MANNA', 'F/01/2012/56', '9903742117', '411-1221-0280-09', 'B.COM(H)', 480, 60.00, 2012, 'C.U.', '38/3, BANGAL PARA 1ST BYE LANE, HOWRAH-711104', 'SAMAR KUMAR MANNA', '03-12-1990', 'GENERAL', 'Female', '4', 0, '', '', '', 'X', 'N', 'P'),
(230, 'RIYA BANERJEE', 'F/01/2012/57', '9903182179', '412-1221-0126-09', 'B.COM(H)', 457, 57.13, 2012, 'C.U.', '13/4, DINOBONDHU MUKHERJEE LANE, HOWRAH-2', 'SUPRIYA BANERJEE', '10-03-1991', 'GENERAL', 'Female', '4', 0, '', '', '', 'X', 'N', 'P'),
(231, 'BANDANA CHOURASIA', 'F/01/2012/58', '9804304578', '116-1221-0563-09', 'B.COM(H)', 393, 49.13, 2012, 'C.U.', '14, BHAIRAB DUTTA LANE, SALKIA HOWRAH-711106', 'BHARAT PRASAD CHOURASIA', '12-04-1991', 'GENERAL', 'Female', '4', 0, '', '', '', 'X', 'N', 'P'),
(233, 'MONALISA MONDAL', 'F/01/2009/05', '9007989012', '098347 OF 2006-07', 'B.COM (H)', 328, 41.00, 2009, 'C.U.', '34/1/1, KANKRA PARA LANE, HOWRAH-4', 'SWAPAN KR. MONDAL', '09-09-1985', 'GENERAL', 'Female', '1', 1, '', '', '', 'X', 'N', 'P'),
(234, 'SOUMEN BARDHAN', 'M/01/2009/12', '9748156039', '065970 OF 2006-07', 'B.COM(H)', 382, 47.75, 2009, 'C.U.', '5/9/1, P.K.ROYCHOWDHURY 1ST BYE LANE, HOWRAH-711103', 'RABINDRANATH BARDHAN', '15-09-1987', 'GENERAL', 'Male', '1', 0, '', '', '', 'X', 'N', 'P'),
(235, 'SAMRAT DEY', 'M/01/2011/12', '8013302530', '040668', 'B.COM(H)', 407, 50.87, 2011, 'C.U.', 'RAMRAJATALA STATION ROAD (WEST), P.O.- GIP COLONY, HOWRAH-711112', 'SWAPAN DEY', '08-02-1991', 'GENERAL', 'Male', '3', 0, '', '', '', 'X', 'N', 'P'),
(236, 'SOUNAK CHATTOPADHYAY', 'M/01/2011/14', '8013516518', '003539', 'B.COM(H)', 376, 47.00, 2009, 'C.U.', 'DHARSHA POLLY MANGAL SAMITY KOLKATA, GIP COLONY, HOWRAH', 'SHELLEY CHATTERJEE', '15-12-1988', 'GENERAL', 'Male', '3', 0, '', '', '', 'X', 'N', 'P'),
(237, 'CHAITALI SADHUKHAN', 'F/01/2012/11', '9333333333', '043269 OF 2008-09', 'B.COM(H)', 428, 53.50, 2012, 'C.U.', '50/2, J.N.ROY BAHADUR ROAD, BALLY, HOWRAH-711201', 'GURU PADA SADHUKHAN', '03-04-1990', 'GENERAL', 'Female', '4', 0, '', '', '', 'X', 'N', 'P'),
(238, 'DEEPAK KUMAR SHAW', 'M/01/2012/36', '8013117496', '412-1121-0626-09', 'B.COM(H)', 354, 44.25, 2012, 'C.U.', '50/1, CHARU CHANDRA SINGHA LANE, HOWRAH-711101', 'RAM DULAR SHAW', '15-10-1990', 'GENERAL', 'Male', '4', 0, '', '', '', '', 'N', 'P'),
(239, 'DEOBRATH CHOWDHURY', 'M/01/2013/24', '9007959971', '017-0021-1402-10', 'B.COM(H)', 467, 51.89, 2013, 'C.U.', '1, BHAR PARA ROAD, SANTA SINGH MORE, SHIBPUR, HOWRAH-3', 'SUTIKSHAN CHOWDHURY', '05-06-1992', 'GENERAL', 'Male', '5', 0, '', '', '', '', 'N', 'P'),
(240, 'ARJUN BHATTACHARYA', 'M/01/2013/43', '9681031210', 'A01-1112-1757-09', 'B.COM(H)', 1054, 50.19, 2013, 'C.U.', '13 NETAJI SUBHAS ROAD, FLAT NO. 402, 3RD FLOOR, UTTARPARA, HOOGHLY', 'AMITAVA BHATTACHARYA', '02-11-1990', 'GENERAL', 'Male', '5', 0, '', '', '', 'X', 'N', 'P'),
(241, 'TUHIN MUKHERJEE', 'M/01/2009/18', '9903586762', '025250 OF 2006-07', 'B.COM(H)', 392, 49.00, 2009, 'C.U.', '39/1, DESHPRAN SASMAL ROAD, HOWRAH-711101', 'HARADHAN MUKHERJEE', '02-02-1988', 'GENERAL', 'Male', '1', 0, '', '', '', 'X', 'N', 'P'),
(242, 'AMANUR RAHMAN', 'M/01/2009/19', '9748867844', '006522 OF 2006-07', 'B.COM(H)', 425, 53.13, 2009, 'C.U.', '75, MOFIDUL ISLAM LANE, KOLKATA-4', 'EMDADUR RAHAMAN', '13-07-1988', 'GENERAL', 'Male', '1', 0, '', '', '', 'X', 'N', 'P'),
(243, 'MD. SHARIQUE HANFI', 'M/01/2009/20', '9831222550', '006467 OF 2006-07', 'B.COM(H)', 474, 59.25, 2009, 'C.U.', '35/1 BRIGHT STREET, KOLKATA-700014', 'KHURSHID ALAM', '11-11-1987', 'GENERAL', 'Male', '1', 0, '', '', '', 'X', 'N', 'P'),
(244, 'SWARNALI GHOSH', 'F/01/2010/20', '9062115480', '014834 OF 2007-08', 'B.COM(H)', 353, 44.13, 2010, 'C.U.', '9, KEDAR NATH MUKHERJEE LANE, HOWRAH-711103', 'ASOKE KUMAR GHOSH', '01-01-1900', 'GENERAL', 'Female', '2', 0, '', '', '', 'X', 'N', 'P'),
(245, 'JAYANTA KUMAR SENGUPTA', 'M/01/2010/36', '9432311325', '051824 OF 2006-07', 'B.COM(H)', 440, 55.00, 2009, 'C.U.', 'NISCHINDA GHOSH PARA HOWRAH-711227', 'SANKAR SENGUPTA', '28-06-1988', 'GENERAL', 'Male', '2', 0, '', '', '', 'X', 'N', 'P'),
(246, 'SUDHA KUMARI', 'F/01/2015/01', '9674080083', '12190090 OF 2012', 'B.COM(H)', 556, 69.50, 2015, 'N.U.', 'C/O TAPAN DEY NEAR DAVI BHANDER NEUTUNPARA GARIA STATION KOLKATA-700084', 'RAM EKBAL THAKUR', '06-07-1994', 'GENERAL', 'Female', '7', 0, '', '', '', 'x', 'N', 'P'),
(247, 'LOKESH MEHTA', 'M/01/2015/02', '8013998442', '017-1121-0241-12', 'B.COM(H)', 572, 63.56, 2015, 'C.U.', '24/25 DOBSON ROAD HOWRAH, 2A FLOOR SREENIWAS APARTMENT, PIN-711101', 'GIRIRAJ RATAN MOHTA', '22-04-1993', 'GENERAL', 'Male', '7', 0, '', '', '', 'X', 'N', 'P'),
(248, 'DEVENDRA DUBEY', 'M/01/2015/03', '8961911667', '235-1121-0136-11', 'B.COM(H)', 540, 60.00, 2014, 'C.U.', '4/36 KUMAR PARA ROAD LILUAH HOWRAH, PIN-711204', 'KAPIL MUNI DUBEY', '05-09-1994', 'GENERAL', 'Male', '7', 0, '', '', '', 'X', 'N', 'P'),
(249, 'JAYITA CHAKRABORTY', 'F/01/2015/04', '9007141089', '011-1221-0228-12', 'B.COM(H)', 536, 59.56, 2015, 'C.U.', '19A HALDER PARA LANE, SHIBPUR HOWRAH-711102', 'NIRMALYA CHAKRABORTY', '16-12-1993', 'GENERAL', 'Female', '7', 0, '', '', '', 'X', 'N', 'P'),
(250, 'ISHA AGRAWAL', 'F/01/2015/05', '9804241398', '047-1221-0137-12', 'B.COM(H)', 533, 59.22, 2015, 'C.U.', '51, JELIA PARA LANE, HOWRAH, WEST BENGAL, PIN-711106', 'BINOD KUMAR AGRAWAL', '06-08-2015', 'GENERAL', 'Female', '7', 0, '', '', '', 'X', 'N', 'P'),
(251, 'RAHUL TEWARI', 'M/01/2015/06', '9038311403', '122-1121-0397-12', 'B.COM(H)', 526, 58.44, 2015, 'C.U.', 'VIVEKANANDA NAGAR P.O.-EAST UDAYRAJPUR NEAR SREE MAA BAKERY P.S.-MADHYAMGRAM, KOLKATA, PIN-700129', 'DHANANJAY TEWARI', '14-05-1994', 'GENERAL', 'Male', '7', 0, '', '', '', 'X', 'N', 'P'),
(252, 'ABHERY NANDY', 'F/01/2015/07', '8274982881', '412-1221-0769-12', 'B.COM(H)', 525, 58.33, 2015, 'C.U.', '75/1/76, KALIPRASAD BANERJEE LANE, HOWRAH, PIN-711101', 'MADAN CHANDRA NANDY', '24-04-1994', 'GENERAL', 'Female', '7', 0, '', '', '', 'X', 'N', 'P'),
(253, 'NAVIN SANCHETI', 'M/01/2015/08', '8100954545', '126-1121-0748-11', 'B.COM(H)', 524, 58.22, 2014, 'C.U.', 'FLAT-3A SURENDRA APARTMENT, 4/2 RAM CHARAN CHATTERJEE LANE SHIBPUR HOWRAH-711102', 'RAKESH SANCHETI', '14-02-1993', 'GENERAL', 'Male', '7', 0, '', '', '', 'X', 'N', 'P'),
(254, 'KRISHNENDU SENGUPTA', 'M/01/2015/09', '9903154433', '412-1121-0117-12', 'B.COM(H)', 521, 57.89, 2015, 'C.U.', '628 SARAT CHATTERJEE ROAD SHIBPUR HOWRAH-711102', 'KISHORE SENGUPTA', '03-11-1993', 'GENERAL', 'Male', '7', 0, '', '', '', 'X', 'N', 'P'),
(255, 'ANSHU MOHISH', 'M/01/2015/10', '9874363021', '412-1121-0057-12', 'B.COM(H)', 371, 41.22, 2015, 'C.U.', 'SHANPUR SOUTH DASNAGAR HOWRAH-711105', 'BIMAL MOHISH', '06-08-1994', 'GENERAL', 'Male', '7', 0, '', '', '', 'x', 'N', 'P'),
(256, 'ANUPAMA BANERJEE', 'F/01/2015/11', '8336804513', '411-1221-0310-12', 'B.COM(H)', 511, 56.78, 2015, 'C.U.', '88 COLLEGE ROAD BL-A FL-201 RABINDRA NAGAR COMPLEX HOWRAH-711103', 'DILIP KUMAR BANERJEE', '29-12-1992', 'GENERAL', 'Female', '7', 0, '', '', '', 'x', 'N', 'P'),
(257, 'RINCO SARKER', 'F/01/2015/12', '9007091681', '444-1221-1736-12', 'B.COM(H)', 511, 56.78, 2015, 'C.U.', '2/2 P.K. ROY CHOWDHURY 1ST BYE LANE, HOWRAH-711103', 'SHANTI SARKER', '17-02-1995', 'GENERAL', 'Female', '7', 0, '', '', '', 'X', 'N', 'P'),
(258, 'PRIYA KUMARI GUPTA', 'F/01/2015/13', '9903493636', '211-1221-0190-12', 'B.COM(H)', 509, 56.56, 2015, 'C.U.', '10 KASHI MONDAL LANE, P.O.-GHUSHURI, P.S- BALLY, HOWRAH PIN-711107', 'MOTILAL SHAW', '13-08-1993', 'GENERAL', 'Female', '7', 0, '', '', '', 'X', 'N', 'P'),
(259, 'JAYSREE GHOSH ', 'F/01/2015/14', '9874203014', '112-1221-0066-11', 'B.COM(H)', 416, 46.22, 2014, 'C.U.', '50/2 G.T. ROAD PILKHANA BAZAR P.O.- SALKIA, P.S.- GOLABARI HOWRAH-711101', 'UTTAM KUMAR GHOSH', '30-03-1993', 'GENERAL', 'Female', '7', 0, '', '', '', 'X', 'N', 'P'),
(260, 'SHYANTINI BANERJEE', 'F/01/2015/15', '9038406409', '112-1221-0714-12', 'B.COM(H)', 503, 55.89, 2015, 'C.U.', '1, SUDHAMOY BANERJEE LANE SALKIA, HOWRAH-711106', 'SAUMITRA BANERJEE', '10-01-1994', 'GENERAL', 'Female', '7', 0, '', '', '', 'X', 'N', 'P'),
(261, 'RIVU SHIKARY', 'F/02/2015/16', '9038431438', '146-1222-0354-11', 'B.COM(H)', 466, 51.78, 2014, 'C.U.', 'L.M.C SARANI (BRAHMAN PARA) UTTAR BAKSARA SANTRAGACHI HOWRAH-7111110', 'GOUTAM SHIKARY', '06-08-1992', 'SC', 'Female', '7', 0, '', '', '', 'X', 'N', 'P'),
(262, 'NISHA KUMARI SHAW', 'F/01/2015/17', '9038759001', '224-1221-1807-11', 'B.COM(H)', 495, 55.00, 2014, 'C.U.', '8/4, MADHUSUDAN PAUL CHOWDHURY 1ST BYE LANE HOWRAH-711101', 'BINOD KUMAR SHAW', '30-03-1992', 'GENERAL', 'Female', '7', 0, '', '', '', 'X', 'N', 'P'),
(263, 'ISHITA KHANDADIA', 'F/01/2015/18', '9088867547', '017-1221-0411-12', 'B.COM(H)', 494, 54.89, 2015, 'C.U.', '8/1 BAIKUNTHA CHATTERJEE LANE HOWRAH-711101', 'PRADIP KHANDADIA', '25-11-1993', 'GENERAL', 'Female', '7', 0, '', '', '', 'X', 'N', 'P'),
(264, 'TRISHA PANDIT ', 'F/01/2015/19', '8016978133', '444-1221-0201-12', 'B.COM(H)', 492, 54.67, 2015, 'C.U.', 'VILL + P.O. - GAZIAPUR P.S.- AMTA DIST-HOWRAH, WEST BENGAL, PIN-711413', 'ANANDI PANDIT', '20-06-1994', 'GENERAL', 'Female', '7', 0, '', '', '', 'X', 'N', 'P'),
(265, 'SUBHAJT MAJUMDER', 'M/01/2015/20', '8961216359', '052-1121-0350-12', 'B.COM(H)', 491, 54.56, 2015, 'C.U.', '2 NO DEBIGARH MADHYAMGRAM MANASHA GALI NEAR JHEEL PAR EAST LANDMARK AIKOTAN CLUB KOLKATA-700129', 'SEKHAR MAJUMDER', '05-01-1994', 'GENERAL', 'Male', '7', 0, '', '', '', 'X', 'N', 'P'),
(266, 'VARSHA GUPTA', 'F/01/2015/21', '9674246225', '034-1221-0415-12', 'B.COM(H)', 490, 54.44, 2015, 'C.U.', '114, BELILIOUS ROAD, HOWRAH, PIN-711101', 'SANGAM GUPTA', '01-02-1994', 'GENERAL', 'Female', '7', 0, '', '', '', 'X', 'N', 'P'),
(267, 'BEAUTY PANDEY', 'F/01/2015/22', '9477529685', '125-1221-0117-12', 'B.COM(H)', 485, 53.89, 2015, 'C.U.', '4/1/1 MADHUSUDAN DAS BYE LANE HOWRAH-711103', 'MRITYUNJAY PANDEY', '25-08-1995', 'GENERAL', 'Female', '7', 0, '', '', '', 'X', 'N', 'P'),
(268, 'PUNAM GUPTA', 'F/01/2015/23', '8013382151', '034-1221-0380-12', 'B.COM(H)', 477, 53.00, 2015, 'C.U.', '14/21/9 SANATAN MISTRY LANE 2ND FLOOR SALKIA HOWRAH-711106', 'RAM SAKAL GUPTA', '28-10-1993', 'GENERAL', 'Female', '7', 0, '', '', '', 'X', 'N', 'P'),
(269, 'RANIT KUMAR MONDAL', 'M/01/2015/24', '8981017872', '112-1121-0688-12', 'B.COM(H)', 477, 53.00, 2015, 'C.U.', 'ICHAPUR SASTIBAGAN SANTRAGACHI HOWRAH-711104', 'SUSIT  BARAN MONDAL', '20-09-1994', 'GENERAL', 'Male', '7', 0, '', '', '', 'X', 'N', 'P'),
(270, 'DEBAJYOTI BASU', 'M/01/2015/25', '9836415792', '122-1121-0532-12', 'B.COM(H)', 473, 52.56, 2015, 'C.U.', '69 SK DEB ROAD LAKETOWN KOLKATA- 700048', 'SUSANTA KUMAR BASU', '25-09-1993', 'GENERAL', 'Male', '7', 0, '', '', '', 'X', 'N', 'P'),
(271, 'GAGAN CHANDRA DEY', 'M/01/2015/26', '9038033086', '412-1121-0112-11', 'B.COM(H)', 469, 52.11, 2014, 'C.U.', '37 CHANDRA KUMAR BANERJEE LANE SHIBPUR HOWRAH-711102', 'BHOLA DEY', '13-07-1994', 'GENERAL', 'Male', '7', 0, '', '', '', 'X', 'N', 'P'),
(272, 'SANJIB GHOSH', 'M/01/2015/27', '8013617835', '412-1121-0084-11', 'B.COM(H)', 466, 51.78, 2014, 'C.U.', '70/5/1/1, SADAR BOXI LANE, HOWRAH-711101', 'SUBRATA GHOSH', '09-11-1993', 'GENERAL', 'Male', '7', 0, '', '', '', 'X', 'N', 'P'),
(273, 'SUSMITA SHAW', 'F/01/2015/28', '7890953138', '411-1221-0084-11', 'B.COM(H)', 462, 51.33, 2015, 'C.U.', '14/2, LOKENATH CHATTERJEE LANE, HOWRAH-711102', 'RATAN LAL SHAW', '28-02-1995', 'GENERAL', 'Female', '7', 0, '', '', '', 'X', 'N', 'P'),
(274, 'NARENDRA YADAV', 'M/01/2015/29', '8013083085', '112-1121-0669-12', 'B.COM(H)', 459, 51.00, 2015, 'C.U.', 'NAYABAZ MORA JAGACHA P.O.-GIP COLONY P.S.- JAGACHA SANTRAGACHI HOWRAH-711112', 'RAMANAND SINGH YADAV', '04-09-1993', 'GENERAL', 'Male', '7', 0, '', '', '', 'X', 'N', 'P'),
(275, 'PRINCE KUMAR YADAV', 'M/01/2015/30', '8981516401', '117-1121-0498-11', 'B.COM(H)', 458, 50.89, 2014, 'C.U.', '5/8 DEVI MANDIR LANE LILUAH HOWRAH-711204', 'MARKANDE YADAV', '10-02-1994', 'GENERAL', 'Male', '7', 0, '', '', '', 'X', 'N', 'P'),
(276, 'MITA BAKULI', 'F/05/2015/31', '9732748141', '444-1224-0119-12', 'B.COM(H)', 428, 47.56, 2015, 'C.U.', 'VILL NAZARKHAN POST-PENRO P.S.-UDAYNARAYANPUR DIST-HOWRAH,PIN-711410', 'ANIL BAKULI', '14-08-1993', 'OBC-B', 'Female', '7', 0, '', '', '', 'X', 'N', 'P'),
(277, 'SANDIP SHARMA', 'M/01/2015/32', '9804573480', '126-1121-0846-10', 'B.COM(H)', 450, 50.00, 2014, 'C.U.', '42/2 TINKORI NATH BOSE LANE SALKIA HOWRAH-711106', 'OM PRAKASH SHARMA', '15-11-1991', 'GENERAL', 'Male', '7', 0, '', '', '', 'X', 'N', 'P'),
(278, 'MD TANVEER', 'M/01/2015/33', '8100472745', '235-1121-0176-11', 'B.COM(H)', 443, 49.22, 2014, 'C.U.', '3 VANDER BURG LANE KOLKATA PIN-700073', 'MD SULTAN', '02-10-1993', 'GENERAL', 'Male', '7', 0, '', '', '', 'X', 'N', 'P'),
(279, 'PRATIM DAS', 'M/01/2015/34', '7278331637', '043-1121-0137-11', 'B.COM(H)', 436, 48.44, 2014, 'C.U.', '2/16 PK ROY CHOWDHURY 1ST BYE LANE, HOWRAH-711103', 'PRADIP DAS', '10-11-1992', 'GENERAL', 'Male', '7', 0, '', '', '', 'X', 'N', 'P'),
(280, 'SUSHMA SINGH', 'F/01/2015/35', '9007999711', '431-1221-1330-10', 'B.COM(H)', 435, 48.33, 2015, 'C.U.', 'KONA NASKAR PARA KALITALA, HOWRAH PIN-711114', 'VINOD KUMAR SINGH', '04-02-1990', 'GENERAL', 'Female', '7', 0, '', '', '', 'X', 'N', 'P'),
(281, 'SUMAN HAZRA', 'M/01/2015/36', '9051179305', '412-1121-0404-10', 'B.COM(H)', 426, 47.33, 2014, 'C.U.', '15, KUCHIL SARKAR LANE, KADAMTALA, HOWRAH-711101', 'NEMAI CHANDRA HAZRA', '23-12-1992', 'GENERAL', 'Male', '7', 0, '', '', '', 'X', 'N', 'P'),
(282, 'KINSHUK GUHA', 'M/01/2015/37', '9433373532', '122-1121-0344-12', 'B.COM(H)', 426, 47.33, 2015, 'C.U.', 'N. S. ROAD APANPALLY(3RD LANE), P.O.-HRIDAYPUR, P.S.-BARASAT, DIST-N24PGS PIN-700127', 'KALYAN KUMAR GUHA', '26-10-1993', 'GENERAL', 'Male', '7', 0, '', '', '', 'X', 'N', 'P'),
(283, 'AKASH JAIN', 'M/01/2015/38', '9804546658', '224-1121-1479-11', 'B.COM(H)', 425, 47.22, 2014, 'C.U.', '222/C A.P.C ROAD KOLKATA, PIN-700004', 'DILIP JAIN', '02-08-1991', 'GENERAL', 'Male', '7', 0, '', '', '', 'X', 'N', 'P'),
(284, 'SATYAKI DAS', 'M/01/2015/39', '8013420759', '112-1121-0687-12', 'B.COM(H)', 424, 47.11, 2015, 'C.U.', '115/1, DESOPRAN SASMAL ROAD, PIN-711101', 'SUNIL KUMAR DAS', '09-01-1995', 'GENERAL', 'Male', '7', 0, '', '', '', 'X', 'N', 'P'),
(285, 'KHUSHBOO DUBEY', 'F/01/2015/40', '9477089155', '125-1221-0049-12', 'B.COM(H)', 423, 47.00, 2015, 'C.U.', '35, KINGS ROAD HOWRAH, PIN-711101', 'RAMESH DUBEY', '30-07-1994', 'GENERAL', 'Female', '7', 0, '', '', '', 'X', 'N', 'P'),
(286, 'MEHUL TRIVEDI', 'M/01/2015/41', '9874527134', '017-1121-0521-11', 'B.COM(H)', 412, 45.78, 2015, 'C.U.', '2, GOVIND CHAND DHAR LANE (BISCUIT GALI), PIN-700001', 'PARESH TRIVEDI', '29-05-1993', 'GENERAL', 'Male', '7', 0, '', '', '', 'X', 'N', 'P'),
(287, 'RUPAK KUMAR DEY', 'M/01/2015/42', '7059864908', '412-1121-0004-12', 'B.COM(H)', 407, 45.22, 2015, 'C.U.', '4/2/B PURATAN SAHIR LANE, BELEPOLE, HOWRAH, PIN-711104', 'RAJ KUMAR DEY', '29-04-1994', 'GENERAL', 'Male', '7', 0, '', '', '', 'X', 'N', 'P'),
(288, 'KRISHNA PRASAD', 'M/01/2015/43', '8981475381', '412-1121-0331-11', 'B.COM(H)', 404, 44.89, 2014, 'C.', '61/46 SHAIK PARA LANE, HOWRAH, PIN 711103', 'NARESH PRASAD', '14-07-1994', 'GENERAL', 'Male', '7', 0, '', '', '', 'X', 'N', 'P'),
(289, 'RAHUL SINGH', 'M/01/2015/44', '8017085632', '235-1121-0653-11', 'B.COM(H)', 403, 44.78, 2014, 'C.U.', '4/36 KUMAR PARA ROAD LILUAH HOWRAH, PIN-711204', 'PARAMANAND SINGH', '20-02-1994', 'GENERAL', 'Male', '7', 0, '', '', '', 'X', 'N', 'P'),
(290, 'MD SHAHNAWAZ AHMED', 'M/04/2015/45', '8272921221', '011-1121-0624-11', 'B.COM(H)', 495, 55.00, 2014, 'C.U.', '11/1 MARQUIS LANE, KOLKATA-700016', 'MD MUMTAZ', '06-05-1991', 'OBC-A', 'Male', '7', 0, '', '', '', 'X', 'N', 'P'),
(291, 'SUPARNA MANNA', 'F/01/2015/46', '9007523253', '411-1221-0154-12', 'B.COM(H)', 398, 44.22, 2015, 'C.U.', '51, DHARMATALA LANE SHIBPUR HOWRAH-711102', 'PRABIR KUMAR MANNA', '06-07-1994', 'GENERAL', 'Female', '7', 0, '', '', '', 'X', 'N', 'P'),
(292, 'LAV KUMAR PANDEY', 'M/01/2015/47', '8820405118', '212-1121-0080-12', 'B.COM(H)', 388, 43.11, 2015, 'C.U.', '238, RABINDRA SARANI KOLKATA, PIN-700007', 'MRITYUNJAY PANDEY', '14-05-1995', 'GENERAL', 'Male', '7', 0, '', '', '', 'X', 'N', 'P'),
(293, 'ROHAN BUDDHADEB', 'M/01/2015/48', '7501268188', '224-1121-1415-11', 'B.COM(H)', 383, 42.56, 2015, 'C.U.', '107A RAJA DINENDRA STREET DISHA APARTMENT MANIKTALA SAHITYA PARISHAD, PIN-700006', 'KISORE BUDDHADEB', '02-02-1994', 'GENERAL', 'Male', '7', 0, '', '', '', 'X', 'N', 'P'),
(294, 'RAHUL RAI', 'M/01/2015/49', '7278649478', '412-1121-0846-12', 'B.COM(H)', 375, 41.67, 2015, 'C.U.', '51 P K ROY CHOWDHURY LANE, P.O-B. GARDEN HOWRAH-711103', 'SUKH DEO RAI', '10-03-1994', 'GENERAL', 'Male', '7', 0, '', '', '', 'X', 'N', 'P'),
(295, 'ABID ANSARI', 'M/04/2015/50', '8961911668', '235-1121-0137-11', 'B.COM(H)', 546, 60.67, 2014, 'C.U.', '4/36 KUMAR PARA ROAD LILUAH HOWRAH, PIN-711204', 'ZAINUDDIN ANSARI', '05-01-1994', 'OBC-A', 'Male', '7', 0, '', '', '', 'X', 'N', 'P'),
(296, 'MD SHAHNEYAZ AHMED', 'M/04/2015/51', '8961307121', '011-1121-0623-11', 'B.COM(H)', 532, 59.11, 2014, 'C.U.', '11/1 MARQUIS LANE, KOLKATA-700016', 'MD MUMTAZ', '09-06-1992', 'OBC-A', 'Male', '7', 0, '', '', '', 'X', 'N', 'P'),
(297, 'SUMAN HAZRA', 'M/01/2015/52', '8961255332', '112-1121-0137-11', 'B.COM(H)', 527, 58.56, 2014, 'C.U.', '1/5 SRIBUSH DUTTA 2ND BYE LANE, HOWRAH-7111011', 'NARAYAN CHANDRA HAZRA', '13-01-1994', 'GENERAL', 'Male', '7', 0, '', '', '', 'X', 'N', 'P'),
(298, 'ROHIT SADHUKHAN', 'M/01/2015/53', '9804826294', '412-1121-0038-12', 'B.COM(H)', 534, 59.33, 2015, 'C.U.', '57/1 DHARMATALA LANE SHIBPUR HOWRAH-711102', 'RANJIT SADHUKHAN', '09-05-1995', 'GENERAL', 'Male', '7', 0, '', '', '', 'X', 'N', 'P'),
(299, 'PREETI PANDEY', 'F/01/2015/54', '9038167794', '125-1221-0216-11', 'B.COM(H)', 454, 50.44, 2014, 'C.U.', '1 RAJ BALLAV SAHA 2ND BYE LANE NEAR MITRA SANGH HOSPITAL HOWRAH-711101', 'SANJAY KUMAR PANDEY', '05-05-1993', 'GENERAL', 'Female', '7', 0, '', '', '', 'X', 'N', 'P');

-- --------------------------------------------------------

--
-- Table structure for table `student_admit`
--

DROP TABLE IF EXISTS `student_admit`;
CREATE TABLE IF NOT EXISTS `student_admit` (
  `id` int(11) NOT NULL AUTO_INCREMENT,
  `student_id` int(11) NOT NULL,
  `subject_id` int(11) NOT NULL,
  `sem` varchar(255) NOT NULL,
  `status` varchar(50) NOT NULL DEFAULT 'Y',
  `session` int(11) NOT NULL,
  `grp_a_marks` float NOT NULL,
  `grp_b_marks` float NOT NULL,
  `grace_marks` float NOT NULL,
  `total_marks` float NOT NULL,
  `is_absent` int(11) NOT NULL,
  `result_status` varchar(50) NOT NULL,
  `disposed` varchar(50) NOT NULL,
  `review` varchar(50) NOT NULL,
  PRIMARY KEY (`id`)
) ENGINE=InnoDB  DEFAULT CHARSET=latin1 AUTO_INCREMENT=296 ;

--
-- Dumping data for table `student_admit`
--

INSERT INTO `student_admit` (`id`, `student_id`, `subject_id`, `sem`, `status`, `session`, `grp_a_marks`, `grp_b_marks`, `grace_marks`, `total_marks`, `is_absent`, `result_status`, `disposed`, `review`) VALUES
(1, 3, 1, '1st', 'Y', 1, 13, 14, 0, 27, 0, 'C', '', ''),
(2, 3, 2, '1st', 'Y', 1, 9, 9, 0, 18, 0, 'C', '', ''),
(3, 3, 3, '1st', 'Y', 1, 12, 12, 0, 24, 0, 'C', '', ''),
(4, 3, 4, '1st', 'Y', 1, 18, 13, 0, 31, 0, 'C', '', ''),
(5, 3, 5, '1st', 'Y', 1, 15, 9, 0, 24, 0, 'C', '', ''),
(6, 4, 1, '1st', 'Y', 1, 13, 9, 0, 22, 0, 'C', '', ''),
(7, 4, 2, '1st', 'Y', 1, 6, 12, 0, 18, 0, 'C', '', ''),
(8, 4, 3, '1st', 'Y', 1, 10, 8, 0, 18, 0, 'C', '', ''),
(9, 4, 4, '1st', 'Y', 1, 11, 11, 0, 22, 0, 'C', '', ''),
(10, 4, 5, '1st', 'Y', 1, 11, 11, 0, 22, 0, 'C', '', ''),
(11, 233, 1, '1st', 'Y', 1, 0, 0, 0, 0, 0, '', '', ''),
(12, 233, 2, '1st', 'Y', 1, 0, 0, 0, 0, 0, '', '', ''),
(13, 233, 3, '1st', 'Y', 1, 0, 0, 0, 0, 0, '', '', ''),
(14, 233, 4, '1st', 'Y', 1, 0, 0, 0, 0, 0, '', '', ''),
(15, 233, 5, '1st', 'Y', 1, 0, 0, 0, 0, 0, '', '', ''),
(16, 6, 1, '1st', 'Y', 1, 16, 9, 0, 25, 0, 'C', '', ''),
(17, 6, 2, '1st', 'Y', 1, 6, 12, 0, 18, 0, 'C', '', ''),
(18, 6, 3, '1st', 'Y', 1, 3, 15, 0, 18, 0, 'C', '', ''),
(19, 6, 4, '1st', 'Y', 1, 11, 16, 0, 27, 0, 'C', '', ''),
(20, 6, 5, '1st', 'Y', 1, 15, 13, 0, 28, 0, 'C', '', ''),
(21, 5, 1, '1st', 'Y', 1, 0, 0, 0, 0, 0, '', '', ''),
(22, 5, 2, '1st', 'Y', 1, 0, 0, 0, 0, 0, '', '', ''),
(23, 5, 3, '1st', 'Y', 1, 0, 0, 0, 0, 0, '', '', ''),
(24, 5, 4, '1st', 'Y', 1, 0, 0, 0, 0, 0, '', '', ''),
(25, 5, 5, '1st', 'Y', 1, 0, 0, 0, 0, 0, '', '', ''),
(26, 232, 1, '1st', 'Y', 1, 11, 5, 0, 16, 0, 'NC', '', ''),
(27, 232, 2, '1st', 'Y', 1, 4, 6, 0, 10, 0, 'NC', '', ''),
(28, 232, 3, '1st', 'Y', 1, 5, 8, 0, 13, 0, 'NC', '', ''),
(29, 232, 4, '1st', 'Y', 1, 8, 4, 0, 12, 0, 'NC', '', ''),
(30, 232, 5, '1st', 'Y', 1, 11, 7, 0, 18, 0, 'C', '', ''),
(31, 7, 1, '1st', 'Y', 1, 18, 10, 0, 28, 0, 'C', '', ''),
(32, 7, 2, '1st', 'Y', 1, 17, 18, 0, 35, 0, 'C', '', ''),
(33, 7, 3, '1st', 'Y', 1, 10, 20, 0, 30, 0, 'C', '', ''),
(34, 7, 4, '1st', 'Y', 1, 14, 10, 0, 24, 0, 'C', '', ''),
(35, 7, 5, '1st', 'Y', 1, 11, 14, 0, 25, 0, 'C', '', ''),
(36, 8, 1, '1st', 'Y', 1, 15, 11, 0, 26, 0, 'C', '', ''),
(37, 8, 2, '1st', 'Y', 1, 10, 13, 0, 23, 0, 'C', '', ''),
(38, 8, 3, '1st', 'Y', 1, 12, 12, 0, 24, 0, 'C', '', ''),
(39, 8, 4, '1st', 'Y', 1, 12, 19, 0, 31, 0, 'C', '', ''),
(40, 8, 5, '1st', 'Y', 1, 18, 2, 0, 20, 0, 'C', '', ''),
(41, 9, 1, '1st', 'Y', 1, 13, 8, 0, 21, 0, 'C', '', ''),
(42, 9, 2, '1st', 'Y', 1, 6, 12, 0, 18, 0, 'C', '', ''),
(43, 9, 3, '1st', 'Y', 1, 9, 13, 0, 22, 0, 'C', '', ''),
(44, 9, 4, '1st', 'Y', 1, 12, 7, 0, 19, 0, 'C', '', ''),
(45, 9, 5, '1st', 'Y', 1, 10, 10, 0, 20, 0, 'C', '', ''),
(46, 10, 1, '1st', 'Y', 1, 16, 11, 0, 27, 0, 'C', '', ''),
(47, 10, 2, '1st', 'Y', 1, 9, 14, 0, 23, 0, 'C', '', ''),
(48, 10, 3, '1st', 'Y', 1, 4, 14, 0, 18, 0, 'C', '', ''),
(49, 10, 4, '1st', 'Y', 1, 13, 10, 0, 23, 0, 'C', '', ''),
(50, 10, 5, '1st', 'Y', 1, 16, 12, 0, 28, 0, 'C', '', ''),
(51, 12, 1, '1st', 'Y', 1, 14, 12, 0, 26, 0, 'C', '', ''),
(52, 12, 2, '1st', 'Y', 1, 9, 12, 0, 21, 0, 'C', '', ''),
(53, 12, 3, '1st', 'Y', 1, 7, 11, 0, 18, 0, 'C', '', ''),
(54, 12, 4, '1st', 'Y', 1, 11, 19, 0, 30, 0, 'C', '', ''),
(55, 12, 5, '1st', 'Y', 1, 17, 4, 0, 21, 0, 'C', '', ''),
(56, 14, 1, '1st', 'Y', 1, 16, 12, 0, 28, 0, 'C', '', ''),
(57, 14, 2, '1st', 'Y', 1, 7, 14, 0, 21, 0, 'C', '', ''),
(58, 14, 3, '1st', 'Y', 1, 8, 10, 0, 18, 0, 'C', '', ''),
(59, 14, 4, '1st', 'Y', 1, 12, 19, 0, 31, 0, 'C', '', ''),
(60, 14, 5, '1st', 'Y', 1, 15, 15, 0, 30, 0, 'C', '', ''),
(61, 15, 1, '1st', 'Y', 1, 16, 9, 0, 25, 0, 'C', '', ''),
(62, 15, 2, '1st', 'Y', 1, 16, 17, 0, 33, 0, 'C', '', ''),
(63, 15, 3, '1st', 'Y', 1, 11, 12, 0, 23, 0, 'C', '', ''),
(64, 15, 4, '1st', 'Y', 1, 9, 18, 0, 27, 0, 'C', '', ''),
(65, 15, 5, '1st', 'Y', 1, 18, 7, 0, 25, 0, 'C', '', ''),
(66, 16, 1, '1st', 'Y', 1, 11, 9, 0, 20, 0, 'C', '', ''),
(67, 16, 2, '1st', 'Y', 1, 5, 8, 0, 13, 0, 'NC', '', ''),
(68, 16, 3, '1st', 'Y', 1, 10, 11, 0, 21, 0, 'C', '', ''),
(69, 16, 4, '1st', 'Y', 1, 15, 13, 0, 28, 0, 'C', '', ''),
(70, 16, 5, '1st', 'Y', 1, 13, 5, 0, 18, 0, 'C', '', ''),
(71, 17, 1, '1st', 'Y', 1, 14, 12, 0, 26, 0, 'C', '', ''),
(72, 17, 2, '1st', 'Y', 1, 14, 6, 0, 20, 0, 'C', '', ''),
(73, 17, 3, '1st', 'Y', 1, 3, 0, 0, 3, 0, 'NC', '', ''),
(74, 17, 4, '1st', 'Y', 1, 9, 9, 0, 18, 0, 'C', '', ''),
(75, 17, 5, '1st', 'Y', 1, 15, 10, 0, 25, 0, 'C', '', ''),
(76, 18, 1, '1st', 'Y', 1, 14, 14, 0, 28, 0, 'C', '', ''),
(77, 18, 2, '1st', 'Y', 1, 16, 6, 0, 22, 0, 'C', '', ''),
(78, 18, 3, '1st', 'Y', 1, 2, 0, 0, 2, 0, 'NC', '', ''),
(79, 18, 4, '1st', 'Y', 1, 10, 8, 0, 18, 0, 'C', '', ''),
(80, 18, 5, '1st', 'Y', 1, 14, 9, 0, 23, 0, 'C', '', ''),
(81, 19, 1, '1st', 'Y', 1, 16, 8, 0, 24, 0, 'C', '', ''),
(82, 19, 2, '1st', 'Y', 1, 14, 11, 0, 25, 0, 'C', '', ''),
(83, 19, 3, '1st', 'Y', 1, 11, 10, 0, 21, 0, 'C', '', ''),
(84, 19, 4, '1st', 'Y', 1, 10, 16, 0, 26, 0, 'C', '', ''),
(85, 19, 5, '1st', 'Y', 1, 14, 9, 0, 23, 0, 'C', '', ''),
(86, 20, 1, '1st', 'Y', 1, 17, 11, 0, 28, 0, 'C', '', ''),
(87, 20, 2, '1st', 'Y', 1, 6, 12, 0, 18, 0, 'C', '', ''),
(88, 20, 3, '1st', 'Y', 1, 8, 11, 0, 19, 0, 'C', '', ''),
(89, 20, 4, '1st', 'Y', 1, 14, 13, 0, 27, 0, 'C', '', ''),
(90, 20, 5, '1st', 'Y', 1, 12, 6, 0, 18, 0, 'C', '', ''),
(91, 21, 1, '1st', 'Y', 1, 11, 14, 0, 25, 0, 'C', '', ''),
(92, 21, 2, '1st', 'Y', 1, 7, 17, 0, 24, 0, 'C', '', ''),
(93, 21, 3, '1st', 'Y', 1, 13, 7, 0, 20, 0, 'C', '', ''),
(94, 21, 4, '1st', 'Y', 1, 13, 13, 0, 26, 0, 'C', '', ''),
(95, 21, 5, '1st', 'Y', 1, 14, 13, 0, 27, 0, 'C', '', ''),
(96, 22, 1, '1st', 'Y', 1, 0, 0, 0, 0, 0, '', '', ''),
(97, 22, 2, '1st', 'Y', 1, 0, 0, 0, 0, 0, '', '', ''),
(98, 22, 3, '1st', 'Y', 1, 0, 0, 0, 0, 0, '', '', ''),
(99, 22, 4, '1st', 'Y', 1, 0, 0, 0, 0, 0, '', '', ''),
(100, 22, 5, '1st', 'Y', 1, 0, 0, 0, 0, 0, '', '', ''),
(101, 23, 1, '1st', 'Y', 1, 0, 0, 0, 0, 0, '', '', ''),
(102, 23, 2, '1st', 'Y', 1, 0, 0, 0, 0, 0, '', '', ''),
(103, 23, 3, '1st', 'Y', 1, 0, 0, 0, 0, 0, '', '', ''),
(104, 23, 4, '1st', 'Y', 1, 0, 0, 0, 0, 0, '', '', ''),
(105, 23, 5, '1st', 'Y', 1, 0, 0, 0, 0, 0, '', '', ''),
(106, 25, 1, '1st', 'Y', 1, 0, 0, 0, 0, 0, '', '', ''),
(107, 25, 2, '1st', 'Y', 1, 0, 0, 0, 0, 0, '', '', ''),
(108, 25, 3, '1st', 'Y', 1, 0, 0, 0, 0, 0, '', '', ''),
(109, 25, 4, '1st', 'Y', 1, 0, 0, 0, 0, 0, '', '', ''),
(110, 25, 5, '1st', 'Y', 1, 0, 0, 0, 0, 0, '', '', ''),
(111, 26, 1, '1st', 'Y', 1, 0, 0, 0, 0, 0, '', '', ''),
(112, 26, 2, '1st', 'Y', 1, 0, 0, 0, 0, 0, '', '', ''),
(113, 26, 3, '1st', 'Y', 1, 0, 0, 0, 0, 0, '', '', ''),
(114, 26, 4, '1st', 'Y', 1, 0, 0, 0, 0, 0, '', '', ''),
(115, 26, 5, '1st', 'Y', 1, 0, 0, 0, 0, 0, '', '', ''),
(116, 28, 1, '1st', 'Y', 1, 0, 0, 0, 0, 0, '', '', ''),
(117, 28, 2, '1st', 'Y', 1, 0, 0, 0, 0, 0, '', '', ''),
(118, 28, 3, '1st', 'Y', 1, 0, 0, 0, 0, 0, '', '', ''),
(119, 28, 4, '1st', 'Y', 1, 0, 0, 0, 0, 0, '', '', ''),
(120, 28, 5, '1st', 'Y', 1, 0, 0, 0, 0, 0, '', '', ''),
(121, 29, 1, '1st', 'Y', 1, 0, 0, 0, 0, 0, '', '', ''),
(122, 29, 2, '1st', 'Y', 1, 0, 0, 0, 0, 0, '', '', ''),
(123, 29, 3, '1st', 'Y', 1, 0, 0, 0, 0, 0, '', '', ''),
(124, 29, 4, '1st', 'Y', 1, 0, 0, 0, 0, 0, '', '', ''),
(125, 29, 5, '1st', 'Y', 1, 0, 0, 0, 0, 0, '', '', ''),
(126, 30, 1, '1st', 'Y', 1, 0, 0, 0, 0, 0, '', '', ''),
(127, 30, 2, '1st', 'Y', 1, 0, 0, 0, 0, 0, '', '', ''),
(128, 30, 3, '1st', 'Y', 1, 0, 0, 0, 0, 0, '', '', ''),
(129, 30, 4, '1st', 'Y', 1, 0, 0, 0, 0, 0, '', '', ''),
(130, 30, 5, '1st', 'Y', 1, 0, 0, 0, 0, 0, '', '', ''),
(131, 31, 1, '1st', 'Y', 1, 0, 0, 0, 0, 0, '', '', ''),
(132, 31, 2, '1st', 'Y', 1, 0, 0, 0, 0, 0, '', '', ''),
(133, 31, 3, '1st', 'Y', 1, 0, 0, 0, 0, 0, '', '', ''),
(134, 31, 4, '1st', 'Y', 1, 0, 0, 0, 0, 0, '', '', ''),
(135, 31, 5, '1st', 'Y', 1, 0, 0, 0, 0, 0, '', '', ''),
(136, 32, 1, '1st', 'Y', 1, 0, 0, 0, 0, 0, '', '', ''),
(137, 32, 2, '1st', 'Y', 1, 0, 0, 0, 0, 0, '', '', ''),
(138, 32, 3, '1st', 'Y', 1, 0, 0, 0, 0, 0, '', '', ''),
(139, 32, 4, '1st', 'Y', 1, 0, 0, 0, 0, 0, '', '', ''),
(140, 32, 5, '1st', 'Y', 1, 0, 0, 0, 0, 0, '', '', ''),
(141, 33, 1, '1st', 'Y', 1, 0, 0, 0, 0, 0, '', '', ''),
(142, 33, 2, '1st', 'Y', 1, 0, 0, 0, 0, 0, '', '', ''),
(143, 33, 3, '1st', 'Y', 1, 0, 0, 0, 0, 0, '', '', ''),
(144, 33, 4, '1st', 'Y', 1, 0, 0, 0, 0, 0, '', '', ''),
(145, 33, 5, '1st', 'Y', 1, 0, 0, 0, 0, 0, '', '', ''),
(146, 34, 1, '1st', 'Y', 1, 0, 0, 0, 0, 0, '', '', ''),
(147, 34, 2, '1st', 'Y', 1, 0, 0, 0, 0, 0, '', '', ''),
(148, 34, 3, '1st', 'Y', 1, 0, 0, 0, 0, 0, '', '', ''),
(149, 34, 4, '1st', 'Y', 1, 0, 0, 0, 0, 0, '', '', ''),
(150, 34, 5, '1st', 'Y', 1, 0, 0, 0, 0, 0, '', '', ''),
(151, 35, 1, '1st', 'Y', 1, 0, 0, 0, 0, 0, '', '', ''),
(152, 35, 2, '1st', 'Y', 1, 0, 0, 0, 0, 0, '', '', ''),
(153, 35, 3, '1st', 'Y', 1, 0, 0, 0, 0, 0, '', '', ''),
(154, 35, 4, '1st', 'Y', 1, 0, 0, 0, 0, 0, '', '', ''),
(155, 35, 5, '1st', 'Y', 1, 0, 0, 0, 0, 0, '', '', ''),
(156, 37, 1, '1st', 'Y', 1, 0, 0, 0, 0, 0, '', '', ''),
(157, 37, 2, '1st', 'Y', 1, 0, 0, 0, 0, 0, '', '', ''),
(158, 37, 3, '1st', 'Y', 1, 0, 0, 0, 0, 0, '', '', ''),
(159, 37, 4, '1st', 'Y', 1, 0, 0, 0, 0, 0, '', '', ''),
(160, 37, 5, '1st', 'Y', 1, 0, 0, 0, 0, 0, '', '', ''),
(161, 38, 1, '1st', 'Y', 1, 0, 0, 0, 0, 0, '', '', ''),
(162, 38, 2, '1st', 'Y', 1, 0, 0, 0, 0, 0, '', '', ''),
(163, 38, 3, '1st', 'Y', 1, 0, 0, 0, 0, 0, '', '', ''),
(164, 38, 4, '1st', 'Y', 1, 0, 0, 0, 0, 0, '', '', ''),
(165, 38, 5, '1st', 'Y', 1, 0, 0, 0, 0, 0, '', '', ''),
(166, 40, 1, '1st', 'Y', 1, 0, 0, 0, 0, 0, '', '', ''),
(167, 40, 2, '1st', 'Y', 1, 0, 0, 0, 0, 0, '', '', ''),
(168, 40, 3, '1st', 'Y', 1, 0, 0, 0, 0, 0, '', '', ''),
(169, 40, 4, '1st', 'Y', 1, 0, 0, 0, 0, 0, '', '', ''),
(170, 40, 5, '1st', 'Y', 1, 0, 0, 0, 0, 0, '', '', ''),
(171, 45, 1, '1st', 'Y', 1, 0, 0, 0, 0, 0, '', '', ''),
(172, 45, 2, '1st', 'Y', 1, 0, 0, 0, 0, 0, '', '', ''),
(173, 45, 3, '1st', 'Y', 1, 0, 0, 0, 0, 0, '', '', ''),
(174, 45, 4, '1st', 'Y', 1, 0, 0, 0, 0, 0, '', '', ''),
(175, 45, 5, '1st', 'Y', 1, 0, 0, 0, 0, 0, '', '', ''),
(176, 46, 1, '1st', 'Y', 1, 0, 0, 0, 0, 0, '', '', ''),
(177, 46, 2, '1st', 'Y', 1, 0, 0, 0, 0, 0, '', '', ''),
(178, 46, 3, '1st', 'Y', 1, 0, 0, 0, 0, 0, '', '', ''),
(179, 46, 4, '1st', 'Y', 1, 0, 0, 0, 0, 0, '', '', ''),
(180, 46, 5, '1st', 'Y', 1, 0, 0, 0, 0, 0, '', '', ''),
(181, 47, 1, '1st', 'Y', 1, 0, 0, 0, 0, 0, '', '', ''),
(182, 47, 2, '1st', 'Y', 1, 0, 0, 0, 0, 0, '', '', ''),
(183, 47, 3, '1st', 'Y', 1, 0, 0, 0, 0, 0, '', '', ''),
(184, 47, 4, '1st', 'Y', 1, 0, 0, 0, 0, 0, '', '', ''),
(185, 47, 5, '1st', 'Y', 1, 0, 0, 0, 0, 0, '', '', ''),
(186, 49, 1, '1st', 'Y', 1, 0, 0, 0, 0, 0, '', '', ''),
(187, 49, 2, '1st', 'Y', 1, 0, 0, 0, 0, 0, '', '', ''),
(188, 49, 3, '1st', 'Y', 1, 0, 0, 0, 0, 0, '', '', ''),
(189, 49, 4, '1st', 'Y', 1, 0, 0, 0, 0, 0, '', '', ''),
(190, 49, 5, '1st', 'Y', 1, 0, 0, 0, 0, 0, '', '', ''),
(191, 55, 1, '1st', 'Y', 1, 0, 0, 0, 0, 0, '', '', ''),
(192, 55, 2, '1st', 'Y', 1, 0, 0, 0, 0, 0, '', '', ''),
(193, 55, 3, '1st', 'Y', 1, 0, 0, 0, 0, 0, '', '', ''),
(194, 55, 4, '1st', 'Y', 1, 0, 0, 0, 0, 0, '', '', ''),
(195, 55, 5, '1st', 'Y', 1, 0, 0, 0, 0, 0, '', '', ''),
(196, 59, 1, '1st', 'Y', 1, 0, 0, 0, 0, 0, '', '', ''),
(197, 59, 2, '1st', 'Y', 1, 0, 0, 0, 0, 0, '', '', ''),
(198, 59, 3, '1st', 'Y', 1, 0, 0, 0, 0, 0, '', '', ''),
(199, 59, 4, '1st', 'Y', 1, 0, 0, 0, 0, 0, '', '', ''),
(200, 59, 5, '1st', 'Y', 1, 0, 0, 0, 0, 0, '', '', ''),
(201, 60, 1, '1st', 'Y', 1, 0, 0, 0, 0, 0, '', '', ''),
(202, 60, 2, '1st', 'Y', 1, 0, 0, 0, 0, 0, '', '', ''),
(203, 60, 3, '1st', 'Y', 1, 0, 0, 0, 0, 0, '', '', ''),
(204, 60, 4, '1st', 'Y', 1, 0, 0, 0, 0, 0, '', '', ''),
(205, 60, 5, '1st', 'Y', 1, 0, 0, 0, 0, 0, '', '', ''),
(206, 63, 1, '1st', 'Y', 1, 0, 0, 0, 0, 0, '', '', ''),
(207, 63, 2, '1st', 'Y', 1, 0, 0, 0, 0, 0, '', '', ''),
(208, 63, 3, '1st', 'Y', 1, 0, 0, 0, 0, 0, '', '', ''),
(209, 63, 4, '1st', 'Y', 1, 0, 0, 0, 0, 0, '', '', ''),
(210, 63, 5, '1st', 'Y', 1, 0, 0, 0, 0, 0, '', '', ''),
(211, 3, 6, '2nd', 'Y', 1, 0, 0, 0, 0, 0, '', '', ''),
(212, 3, 7, '2nd', 'Y', 1, 0, 0, 0, 0, 0, '', '', ''),
(213, 3, 8, '2nd', 'Y', 1, 0, 0, 0, 0, 0, '', '', ''),
(214, 3, 9, '2nd', 'Y', 1, 0, 0, 0, 0, 0, '', '', ''),
(215, 3, 10, '2nd', 'Y', 1, 0, 0, 0, 0, 0, '', '', ''),
(216, 4, 6, '2nd', 'Y', 1, 0, 0, 0, 0, 0, '', '', ''),
(217, 4, 7, '2nd', 'Y', 1, 0, 0, 0, 0, 0, '', '', ''),
(218, 4, 8, '2nd', 'Y', 1, 0, 0, 0, 0, 0, '', '', ''),
(219, 4, 9, '2nd', 'Y', 1, 0, 0, 0, 0, 0, '', '', ''),
(220, 4, 10, '2nd', 'Y', 1, 0, 0, 0, 0, 0, '', '', ''),
(226, 232, 6, '2nd', 'Y', 2, 0, 0, 0, 0, 0, '', '', ''),
(227, 232, 7, '2nd', 'Y', 2, 0, 0, 0, 0, 0, '', '', ''),
(228, 232, 8, '2nd', 'Y', 2, 0, 0, 0, 0, 0, '', '', ''),
(229, 232, 9, '2nd', 'Y', 2, 0, 0, 0, 0, 0, '', '', ''),
(230, 232, 10, '2nd', 'Y', 2, 0, 0, 0, 0, 0, '', '', ''),
(231, 6, 6, '2nd', 'Y', 1, 0, 0, 0, 0, 0, '', '', ''),
(232, 6, 7, '2nd', 'Y', 1, 0, 0, 0, 0, 0, '', '', ''),
(233, 6, 8, '2nd', 'Y', 1, 0, 0, 0, 0, 0, '', '', ''),
(234, 6, 9, '2nd', 'Y', 1, 0, 0, 0, 0, 0, '', '', ''),
(235, 6, 10, '2nd', 'Y', 1, 0, 0, 0, 0, 0, '', '', ''),
(241, 7, 6, '2nd', 'Y', 1, 0, 0, 0, 0, 0, '', '', ''),
(242, 7, 7, '2nd', 'Y', 1, 0, 0, 0, 0, 0, '', '', ''),
(243, 7, 8, '2nd', 'Y', 1, 0, 0, 0, 0, 0, '', '', ''),
(244, 7, 9, '2nd', 'Y', 1, 0, 0, 0, 0, 0, '', '', ''),
(245, 7, 10, '2nd', 'Y', 1, 0, 0, 0, 0, 0, '', '', ''),
(246, 8, 6, '2nd', 'Y', 1, 0, 0, 0, 0, 0, '', '', ''),
(247, 8, 7, '2nd', 'Y', 1, 0, 0, 0, 0, 0, '', '', ''),
(248, 8, 8, '2nd', 'Y', 1, 0, 0, 0, 0, 0, '', '', ''),
(249, 8, 9, '2nd', 'Y', 1, 0, 0, 0, 0, 0, '', '', ''),
(250, 8, 10, '2nd', 'Y', 1, 0, 0, 0, 0, 0, '', '', ''),
(251, 9, 6, '2nd', 'Y', 1, 0, 0, 0, 0, 0, '', '', ''),
(252, 9, 7, '2nd', 'Y', 1, 0, 0, 0, 0, 0, '', '', ''),
(253, 9, 8, '2nd', 'Y', 1, 0, 0, 0, 0, 0, '', '', ''),
(254, 9, 9, '2nd', 'Y', 1, 0, 0, 0, 0, 0, '', '', ''),
(255, 9, 10, '2nd', 'Y', 1, 0, 0, 0, 0, 0, '', '', ''),
(256, 10, 6, '2nd', 'Y', 1, 0, 0, 0, 0, 0, '', '', ''),
(257, 10, 7, '2nd', 'Y', 1, 0, 0, 0, 0, 0, '', '', ''),
(258, 10, 8, '2nd', 'Y', 1, 0, 0, 0, 0, 0, '', '', ''),
(259, 10, 9, '2nd', 'Y', 1, 0, 0, 0, 0, 0, '', '', ''),
(260, 10, 10, '2nd', 'Y', 1, 0, 0, 0, 0, 0, '', '', ''),
(261, 12, 6, '2nd', 'Y', 1, 0, 0, 0, 0, 0, '', '', ''),
(262, 12, 7, '2nd', 'Y', 1, 0, 0, 0, 0, 0, '', '', ''),
(263, 12, 8, '2nd', 'Y', 1, 0, 0, 0, 0, 0, '', '', ''),
(264, 12, 9, '2nd', 'Y', 1, 0, 0, 0, 0, 0, '', '', ''),
(265, 12, 10, '2nd', 'Y', 1, 0, 0, 0, 0, 0, '', '', ''),
(266, 14, 6, '2nd', 'Y', 1, 0, 0, 0, 0, 0, '', '', ''),
(267, 14, 7, '2nd', 'Y', 1, 0, 0, 0, 0, 0, '', '', ''),
(268, 14, 8, '2nd', 'Y', 1, 0, 0, 0, 0, 0, '', '', ''),
(269, 14, 9, '2nd', 'Y', 1, 0, 0, 0, 0, 0, '', '', ''),
(270, 14, 10, '2nd', 'Y', 1, 0, 0, 0, 0, 0, '', '', ''),
(271, 15, 6, '2nd', 'Y', 1, 0, 0, 0, 0, 0, '', '', ''),
(272, 15, 7, '2nd', 'Y', 1, 0, 0, 0, 0, 0, '', '', ''),
(273, 15, 8, '2nd', 'Y', 1, 0, 0, 0, 0, 0, '', '', ''),
(274, 15, 9, '2nd', 'Y', 1, 0, 0, 0, 0, 0, '', '', ''),
(275, 15, 10, '2nd', 'Y', 1, 0, 0, 0, 0, 0, '', '', ''),
(276, 16, 6, '2nd', 'Y', 2, 0, 0, 0, 0, 0, '', '', ''),
(277, 16, 7, '2nd', 'Y', 2, 0, 0, 0, 0, 0, '', '', ''),
(278, 16, 8, '2nd', 'Y', 2, 0, 0, 0, 0, 0, '', '', ''),
(279, 16, 9, '2nd', 'Y', 2, 0, 0, 0, 0, 0, '', '', ''),
(280, 16, 10, '2nd', 'Y', 2, 0, 0, 0, 0, 0, '', '', ''),
(281, 19, 6, '2nd', 'Y', 1, 0, 0, 0, 0, 0, '', '', ''),
(282, 19, 7, '2nd', 'Y', 1, 0, 0, 0, 0, 0, '', '', ''),
(283, 19, 8, '2nd', 'Y', 1, 0, 0, 0, 0, 0, '', '', ''),
(284, 19, 9, '2nd', 'Y', 1, 0, 0, 0, 0, 0, '', '', ''),
(285, 19, 10, '2nd', 'Y', 1, 0, 0, 0, 0, 0, '', '', ''),
(286, 20, 6, '2nd', 'Y', 1, 0, 0, 0, 0, 0, '', '', ''),
(287, 20, 7, '2nd', 'Y', 1, 0, 0, 0, 0, 0, '', '', ''),
(288, 20, 8, '2nd', 'Y', 1, 0, 0, 0, 0, 0, '', '', ''),
(289, 20, 9, '2nd', 'Y', 1, 0, 0, 0, 0, 0, '', '', ''),
(290, 20, 10, '2nd', 'Y', 1, 0, 0, 0, 0, 0, '', '', ''),
(291, 21, 6, '2nd', 'Y', 1, 0, 0, 0, 0, 0, '', '', ''),
(292, 21, 7, '2nd', 'Y', 1, 0, 0, 0, 0, 0, '', '', ''),
(293, 21, 8, '2nd', 'Y', 1, 0, 0, 0, 0, 0, '', '', ''),
(294, 21, 9, '2nd', 'Y', 1, 0, 0, 0, 0, 0, '', '', ''),
(295, 21, 10, '2nd', 'Y', 1, 0, 0, 0, 0, 0, '', '', '');

-- --------------------------------------------------------

--
-- Table structure for table `student_sem`
--

DROP TABLE IF EXISTS `student_sem`;
CREATE TABLE IF NOT EXISTS `student_sem` (
  `id` int(11) NOT NULL AUTO_INCREMENT,
  `student_id` int(11) NOT NULL,
  `sem` varchar(255) NOT NULL DEFAULT '1st',
  `session` int(11) NOT NULL,
  `details` longtext NOT NULL,
  `status` varchar(255) NOT NULL DEFAULT 'R',
  `admit` int(11) NOT NULL,
  `roll` int(11) NOT NULL,
  `no` int(11) NOT NULL,
  PRIMARY KEY (`id`)
) ENGINE=InnoDB  DEFAULT CHARSET=latin1 AUTO_INCREMENT=323 ;

--
-- Dumping data for table `student_sem`
--

INSERT INTO `student_sem` (`id`, `student_id`, `sem`, `session`, `details`, `status`, `admit`, `roll`, `no`) VALUES
(1, 1, '1st', 1, '', 'R', 0, 1210, 1),
(2, 2, '1st', 1, '', 'R', 0, 1210, 2),
(3, 3, '1st', 1, '', 'Q', 2, 1210, 3),
(4, 4, '1st', 1, '', 'Q', 2, 1210, 4),
(5, 5, '1st', 1, '', 'R', 1, 1210, 5),
(6, 6, '1st', 1, '', 'Q', 2, 1210, 6),
(7, 7, '1st', 1, '', 'Q', 2, 1210, 7),
(8, 8, '1st', 1, '', 'Q', 2, 1210, 8),
(9, 9, '1st', 1, '', 'Q', 2, 1210, 9),
(10, 10, '1st', 1, '', 'Q', 2, 1210, 10),
(11, 11, '1st', 1, '', 'R', 0, 1210, 11),
(12, 12, '1st', 1, '', 'Q', 2, 1210, 12),
(13, 13, '1st', 1, '', 'R', 0, 1210, 13),
(14, 14, '1st', 1, '', 'Q', 2, 1210, 14),
(15, 15, '1st', 1, '', 'Q', 2, 1210, 15),
(16, 16, '1st', 1, '', 'NQ', 0, 1210, 16),
(17, 17, '1st', 1, '', 'NQ', 0, 1210, 17),
(18, 18, '1st', 1, '', 'NQ', 0, 1210, 18),
(19, 19, '1st', 1, '', 'Q', 2, 1210, 19),
(20, 20, '1st', 1, '', 'Q', 2, 1210, 20),
(21, 21, '1st', 1, '', 'Q', 2, 1210, 21),
(22, 22, '1st', 1, '', 'R', 1, 1211, 22),
(23, 23, '1st', 2, '', 'R', 1, 1211, 23),
(24, 24, '1st', 2, '', 'R', 0, 1211, 24),
(25, 25, '1st', 2, '', 'R', 1, 1211, 25),
(26, 26, '1st', 2, '', 'R', 1, 1211, 26),
(27, 27, '1st', 2, '', 'R', 0, 1211, 27),
(28, 28, '1st', 2, '', 'R', 1, 1211, 28),
(29, 29, '1st', 2, '', 'R', 1, 1211, 29),
(30, 30, '1st', 2, '', 'R', 1, 1211, 30),
(31, 31, '1st', 2, '', 'R', 1, 1211, 31),
(32, 32, '1st', 2, '', 'R', 1, 1211, 32),
(33, 33, '1st', 2, '', 'R', 1, 1211, 33),
(34, 34, '1st', 2, '', 'R', 1, 1211, 34),
(35, 35, '1st', 2, '', 'R', 1, 1211, 35),
(36, 36, '1st', 2, '', 'R', 0, 1211, 36),
(37, 37, '1st', 2, '', 'R', 1, 1211, 37),
(38, 38, '1st', 2, '', 'R', 1, 1211, 38),
(39, 39, '1st', 2, '', 'R', 0, 1211, 39),
(40, 40, '1st', 2, '', 'R', 1, 1211, 40),
(41, 41, '1st', 2, '', 'R', 0, 1211, 41),
(42, 42, '1st', 2, '', 'R', 0, 1211, 42),
(43, 43, '1st', 2, '', 'R', 0, 1211, 43),
(44, 44, '1st', 2, '', 'R', 0, 1211, 44),
(45, 45, '1st', 2, '', 'R', 1, 1211, 45),
(46, 46, '1st', 2, '', 'R', 1, 1211, 46),
(47, 47, '1st', 2, '', 'R', 1, 1211, 47),
(48, 48, '1st', 2, '', 'R', 0, 1211, 48),
(49, 49, '1st', 2, '', 'R', 1, 1211, 49),
(50, 50, '1st', 2, '', 'R', 0, 1211, 50),
(51, 51, '1st', 2, '', 'R', 0, 1211, 51),
(52, 52, '1st', 2, '', 'R', 0, 1211, 52),
(53, 53, '1st', 2, '', 'R', 0, 1211, 53),
(54, 54, '1st', 2, '', 'R', 0, 1211, 54),
(55, 55, '1st', 2, '', 'R', 1, 1211, 55),
(56, 56, '1st', 2, '', 'R', 0, 1211, 56),
(57, 57, '1st', 2, '', 'R', 0, 1211, 57),
(58, 58, '1st', 2, '', 'R', 0, 1211, 58),
(59, 59, '1st', 2, '', 'R', 1, 1211, 59),
(60, 60, '1st', 2, '', 'R', 1, 1211, 60),
(61, 61, '1st', 2, '', 'R', 0, 1211, 61),
(62, 62, '1st', 2, '', 'R', 0, 1211, 62),
(63, 63, '1st', 2, '', 'R', 1, 1211, 63),
(64, 64, '1st', 3, '', 'R', 0, 1212, 64),
(65, 65, '1st', 3, '', 'R', 0, 1212, 65),
(66, 66, '1st', 3, '', 'R', 0, 1212, 66),
(67, 67, '1st', 3, '', 'R', 0, 1212, 67),
(68, 68, '1st', 3, '', 'R', 0, 1212, 68),
(69, 69, '1st', 3, '', 'R', 0, 1212, 69),
(70, 70, '1st', 3, '', 'R', 0, 1212, 70),
(71, 71, '1st', 3, '', 'R', 0, 1212, 71),
(72, 72, '1st', 3, '', 'R', 0, 1212, 72),
(73, 73, '1st', 3, '', 'R', 0, 1212, 73),
(74, 74, '1st', 3, '', 'R', 0, 1212, 74),
(75, 75, '1st', 3, '', 'R', 0, 1212, 75),
(76, 76, '1st', 3, '', 'R', 0, 1212, 76),
(77, 77, '1st', 3, '', 'R', 0, 1212, 77),
(78, 78, '1st', 3, '', 'R', 0, 1212, 78),
(79, 79, '1st', 5, '', 'R', 0, 1214, 79),
(80, 80, '1st', 5, '', 'R', 0, 1214, 80),
(81, 81, '1st', 5, '', 'R', 0, 1214, 81),
(82, 82, '1st', 5, '', 'R', 0, 1214, 82),
(83, 83, '1st', 5, '', 'R', 0, 1214, 83),
(84, 84, '1st', 5, '', 'R', 0, 1214, 84),
(85, 85, '1st', 5, '', 'R', 0, 1214, 85),
(86, 86, '1st', 5, '', 'R', 0, 1214, 86),
(87, 87, '1st', 5, '', 'R', 0, 1214, 87),
(88, 88, '1st', 5, '', 'R', 0, 1214, 88),
(89, 89, '1st', 5, '', 'R', 0, 1214, 89),
(90, 90, '1st', 5, '', 'R', 0, 1214, 90),
(91, 91, '1st', 5, '', 'R', 0, 1214, 91),
(92, 92, '1st', 5, '', 'R', 0, 1214, 92),
(93, 93, '1st', 5, '', 'R', 0, 1214, 93),
(94, 94, '1st', 5, '', 'R', 0, 1214, 94),
(95, 95, '1st', 5, '', 'R', 0, 1214, 95),
(96, 96, '1st', 5, '', 'R', 0, 1214, 96),
(97, 97, '1st', 5, '', 'R', 0, 1214, 97),
(98, 98, '1st', 5, '', 'R', 0, 1214, 98),
(99, 99, '1st', 5, '', 'R', 0, 1214, 99),
(100, 100, '1st', 5, '', 'R', 0, 1214, 100),
(101, 101, '1st', 5, '', 'R', 0, 1214, 101),
(102, 102, '1st', 5, '', 'R', 0, 1214, 102),
(103, 103, '1st', 1, '', 'R', 0, 1210, 103),
(104, 104, '1st', 5, '', 'R', 0, 1214, 104),
(105, 105, '1st', 5, '', 'R', 0, 1214, 105),
(106, 106, '1st', 5, '', 'R', 0, 1214, 106),
(107, 107, '1st', 5, '', 'R', 0, 1214, 107),
(108, 108, '1st', 5, '', 'R', 0, 1214, 108),
(109, 109, '1st', 5, '', 'R', 0, 1214, 109),
(110, 110, '1st', 5, '', 'R', 0, 1214, 110),
(111, 111, '1st', 5, '', 'R', 0, 1214, 111),
(112, 112, '1st', 5, '', 'R', 0, 1214, 112),
(113, 113, '1st', 5, '', 'R', 0, 1214, 113),
(114, 114, '1st', 5, '', 'R', 0, 1214, 114),
(115, 115, '1st', 5, '', 'R', 0, 1214, 115),
(116, 116, '1st', 5, '', 'R', 0, 1214, 116),
(117, 117, '1st', 5, '', 'R', 0, 1214, 117),
(118, 118, '1st', 5, '', 'R', 0, 1214, 118),
(119, 119, '1st', 5, '', 'R', 0, 1214, 119),
(120, 120, '1st', 5, '', 'R', 0, 1214, 120),
(121, 121, '1st', 5, '', 'R', 0, 1214, 121),
(122, 122, '1st', 5, '', 'R', 0, 1214, 122),
(123, 123, '1st', 5, '', 'R', 0, 1214, 123),
(124, 124, '1st', 5, '', 'R', 0, 1214, 124),
(125, 125, '1st', 5, '', 'R', 0, 1214, 125),
(126, 126, '1st', 5, '', 'R', 0, 1214, 126),
(127, 127, '1st', 5, '', 'R', 0, 1214, 127),
(128, 128, '1st', 5, '', 'R', 0, 1214, 128),
(129, 129, '1st', 5, '', 'R', 0, 1214, 129),
(130, 130, '1st', 5, '', 'R', 0, 1214, 130),
(131, 131, '1st', 5, '', 'R', 0, 1214, 131),
(132, 132, '1st', 6, '', 'R', 0, 1215, 132),
(133, 133, '1st', 6, '', 'R', 0, 1215, 133),
(134, 134, '1st', 6, '', 'R', 0, 1215, 134),
(135, 135, '1st', 6, '', 'R', 0, 1215, 135),
(136, 136, '1st', 6, '', 'R', 0, 1215, 136),
(137, 137, '1st', 6, '', 'R', 0, 1215, 137),
(138, 138, '1st', 6, '', 'R', 0, 1215, 138),
(139, 139, '1st', 6, '', 'R', 0, 1215, 139),
(140, 140, '1st', 6, '', 'R', 0, 1215, 140),
(141, 141, '1st', 6, '', 'R', 0, 1215, 141),
(142, 142, '1st', 6, '', 'R', 0, 1215, 142),
(143, 143, '1st', 6, '', 'R', 0, 1215, 143),
(144, 144, '1st', 6, '', 'R', 0, 1215, 144),
(145, 145, '1st', 6, '', 'R', 0, 1215, 145),
(146, 146, '1st', 6, '', 'R', 0, 1215, 146),
(147, 147, '1st', 6, '', 'R', 0, 1215, 147),
(148, 148, '1st', 6, '', 'R', 0, 1215, 148),
(149, 149, '1st', 6, '', 'R', 0, 1215, 149),
(150, 150, '1st', 6, '', 'R', 0, 1215, 150),
(151, 151, '1st', 6, '', 'R', 0, 1215, 151),
(152, 152, '1st', 6, '', 'R', 0, 1215, 152),
(153, 153, '1st', 6, '', 'R', 0, 1215, 153),
(154, 154, '1st', 6, '', 'R', 0, 1215, 154),
(155, 155, '1st', 6, '', 'R', 0, 1215, 155),
(156, 156, '1st', 6, '', 'R', 0, 1215, 156),
(157, 157, '1st', 6, '', 'R', 0, 1215, 157),
(158, 158, '1st', 6, '', 'R', 0, 1215, 158),
(159, 159, '1st', 6, '', 'R', 0, 1215, 159),
(160, 160, '1st', 6, '', 'R', 0, 1215, 160),
(161, 161, '1st', 6, '', 'R', 0, 1215, 161),
(162, 162, '1st', 6, '', 'R', 0, 1215, 162),
(163, 163, '1st', 6, '', 'R', 0, 1215, 163),
(164, 164, '1st', 6, '', 'R', 0, 1215, 164),
(165, 165, '1st', 6, '', 'R', 0, 1215, 165),
(166, 166, '1st', 6, '', 'R', 0, 1215, 166),
(167, 167, '1st', 6, '', 'R', 0, 1215, 167),
(168, 168, '1st', 6, '', 'R', 0, 1215, 168),
(169, 169, '1st', 6, '', 'R', 0, 1215, 169),
(170, 170, '1st', 6, '', 'R', 0, 1215, 170),
(171, 171, '1st', 6, '', 'R', 0, 1215, 171),
(172, 172, '1st', 6, '', 'R', 0, 1215, 172),
(173, 173, '1st', 6, '', 'R', 0, 1215, 173),
(174, 174, '1st', 6, '', 'R', 0, 1215, 174),
(175, 175, '1st', 4, '', 'R', 0, 1213, 175),
(176, 176, '1st', 4, '', 'R', 0, 1213, 176),
(177, 177, '1st', 4, '', 'R', 0, 1213, 177),
(178, 178, '1st', 4, '', 'R', 0, 1213, 178),
(179, 179, '1st', 4, '', 'R', 0, 1213, 179),
(180, 180, '1st', 4, '', 'R', 0, 1213, 180),
(181, 181, '1st', 4, '', 'R', 0, 1213, 181),
(182, 182, '1st', 4, '', 'R', 0, 1213, 182),
(183, 183, '1st', 4, '', 'R', 0, 1213, 183),
(184, 184, '1st', 4, '', 'R', 0, 1213, 184),
(185, 185, '1st', 4, '', 'R', 0, 1213, 185),
(186, 186, '1st', 4, '', 'R', 0, 1213, 186),
(187, 187, '1st', 4, '', 'R', 0, 1213, 187),
(188, 188, '1st', 4, '', 'R', 0, 1213, 188),
(189, 189, '1st', 4, '', 'R', 0, 1213, 189),
(190, 190, '1st', 4, '', 'R', 0, 1213, 190),
(191, 191, '1st', 4, '', 'R', 0, 1213, 191),
(192, 192, '1st', 4, '', 'R', 0, 1213, 192),
(193, 193, '1st', 4, '', 'R', 0, 1213, 193),
(194, 194, '1st', 4, '', 'R', 0, 1213, 194),
(195, 195, '1st', 4, '', 'R', 0, 1213, 195),
(196, 196, '1st', 4, '', 'R', 0, 1213, 196),
(197, 197, '1st', 4, '', 'R', 0, 1213, 197),
(198, 198, '1st', 4, '', 'R', 0, 1213, 198),
(199, 199, '1st', 4, '', 'R', 0, 1213, 199),
(200, 200, '1st', 4, '', 'R', 0, 1213, 200),
(201, 201, '1st', 4, '', 'R', 0, 1213, 201),
(202, 202, '1st', 4, '', 'R', 0, 1213, 202),
(203, 203, '1st', 4, '', 'R', 0, 1213, 203),
(204, 204, '1st', 4, '', 'R', 0, 1213, 204),
(205, 205, '1st', 4, '', 'R', 0, 1213, 205),
(206, 206, '1st', 4, '', 'R', 0, 1213, 206),
(207, 207, '1st', 4, '', 'R', 0, 1213, 207),
(208, 208, '1st', 4, '', 'R', 0, 1213, 208),
(209, 209, '1st', 1, '', 'R', 0, 1210, 209),
(210, 210, '1st', 4, '', 'R', 0, 1213, 210),
(211, 211, '1st', 4, '', 'R', 0, 1213, 211),
(212, 212, '1st', 4, '', 'R', 0, 1213, 212),
(213, 213, '1st', 4, '', 'R', 0, 1213, 213),
(214, 214, '1st', 4, '', 'R', 0, 1213, 214),
(215, 215, '1st', 4, '', 'R', 0, 1213, 215),
(216, 216, '1st', 4, '', 'R', 0, 1213, 216),
(217, 217, '1st', 4, '', 'R', 0, 1213, 217),
(218, 218, '1st', 4, '', 'R', 0, 1213, 218),
(219, 219, '1st', 4, '', 'R', 0, 1213, 219),
(220, 220, '1st', 4, '', 'R', 0, 1213, 220),
(221, 221, '1st', 4, '', 'R', 0, 1213, 221),
(222, 222, '1st', 4, '', 'R', 0, 1213, 222),
(223, 223, '1st', 4, '', 'R', 0, 1213, 223),
(224, 224, '1st', 4, '', 'R', 0, 1213, 224),
(225, 225, '1st', 4, '', 'R', 0, 1213, 225),
(226, 226, '1st', 4, '', 'R', 0, 1213, 226),
(227, 227, '1st', 4, '', 'R', 0, 1213, 227),
(228, 228, '1st', 4, '', 'R', 0, 1213, 228),
(229, 229, '1st', 4, '', 'R', 0, 1213, 229),
(230, 230, '1st', 4, '', 'R', 0, 1213, 230),
(231, 231, '1st', 4, '', 'R', 0, 1213, 231),
(232, 232, '1st', 1, '', 'NQ', 0, 1210, 232),
(233, 233, '1st', 1, '', 'R', 1, 1210, 233),
(234, 33333333, '1st', 1, '', 'Q', 2, 1211, 3),
(235, 3, '2nd', 1, '', 'R', 1, 2811, 3),
(236, 4, '2nd', 1, '', 'R', 1, 2811, 4),
(237, 232, '1st', 2, '', 'R', 0, 1211, 232),
(238, 232, '2nd', 2, '', 'R', 1, 2811, 232),
(239, 6, '2nd', 2, '', 'R', 1, 2811, 6),
(240, 7, '2nd', 2, '', 'R', 1, 2811, 7),
(241, 8, '2nd', 2, '', 'R', 1, 2811, 8),
(242, 9, '2nd', 2, '', 'R', 1, 2811, 9),
(243, 10, '2nd', 2, '', 'R', 1, 2811, 10),
(244, 12, '2nd', 2, '', 'R', 1, 2811, 12),
(245, 14, '2nd', 2, '', 'R', 1, 2811, 14),
(246, 15, '2nd', 2, '', 'R', 1, 2811, 15),
(247, 16, '1st', 2, '', 'NQ', 0, 1211, 16),
(248, 16, '2nd', 2, '', 'R', 1, 2811, 16),
(249, 17, '1st', 2, '', 'R', 0, 1211, 17),
(250, 17, '2nd', 2, '', 'R', 0, 2811, 17),
(251, 18, '1st', 2, '', 'R', 0, 1211, 18),
(252, 18, '2nd', 2, '', 'R', 0, 2811, 18),
(253, 19, '2nd', 2, '', 'R', 1, 2811, 19),
(254, 20, '2nd', 2, '', 'R', 1, 2811, 20),
(255, 21, '2nd', 2, '', 'R', 1, 2811, 21),
(256, 16, '1st', 2, '', 'R', 0, 1211, 16),
(257, 234, '1st', 1, '', 'R', 0, 1210, 17),
(258, 235, '1st', 3, '', 'R', 0, 1212, 18),
(259, 236, '1st', 3, '', 'R', 0, 1212, 19),
(260, 237, '1st', 4, '', 'R', 0, 1213, 20),
(261, 238, '1st', 4, '', 'R', 0, 1213, 21),
(262, 239, '1st', 5, '', 'R', 0, 1214, 22),
(263, 240, '1st', 5, '', 'R', 0, 1214, 23),
(264, 241, '1st', 1, '', 'R', 0, 1210, 24),
(265, 242, '1st', 1, '', 'R', 0, 1210, 25),
(266, 243, '1st', 1, '', 'R', 0, 1210, 26),
(267, 244, '1st', 2, '', 'R', 0, 1211, 27),
(268, 245, '1st', 2, '', 'R', 0, 1211, 28),
(269, 246, '1st', 7, '', 'R', 0, 1216, 29),
(270, 247, '1st', 7, '', 'R', 0, 1216, 30),
(271, 248, '1st', 7, '', 'R', 0, 1216, 31),
(272, 249, '1st', 7, '', 'R', 0, 1216, 32),
(273, 250, '1st', 7, '', 'R', 0, 1216, 33),
(274, 251, '1st', 7, '', 'R', 0, 1216, 34),
(275, 252, '1st', 7, '', 'R', 0, 1216, 35),
(276, 253, '1st', 7, '', 'R', 0, 1216, 36),
(277, 254, '1st', 7, '', 'R', 0, 1216, 37),
(278, 255, '1st', 7, '', 'R', 0, 1216, 38),
(279, 256, '1st', 7, '', 'R', 0, 1216, 39),
(280, 257, '1st', 7, '', 'R', 0, 1216, 40),
(281, 258, '1st', 7, '', 'R', 0, 1216, 41),
(282, 259, '1st', 7, '', 'R', 0, 1216, 42),
(283, 260, '1st', 7, '', 'R', 0, 1216, 43),
(284, 261, '1st', 7, '', 'R', 0, 1216, 44),
(285, 262, '1st', 7, '', 'R', 0, 1216, 45),
(286, 263, '1st', 7, '', 'R', 0, 1216, 46),
(287, 264, '1st', 7, '', 'R', 0, 1216, 47),
(288, 265, '1st', 7, '', 'R', 0, 1216, 48),
(289, 266, '1st', 7, '', 'R', 0, 1216, 49),
(290, 267, '1st', 7, '', 'R', 0, 1216, 50),
(291, 268, '1st', 7, '', 'R', 0, 1216, 51),
(292, 269, '1st', 7, '', 'R', 0, 1216, 52),
(293, 270, '1st', 7, '', 'R', 0, 1216, 53),
(294, 271, '1st', 7, '', 'R', 0, 1216, 54),
(295, 272, '1st', 7, '', 'R', 0, 1216, 55),
(296, 273, '1st', 7, '', 'R', 0, 1216, 56),
(297, 274, '1st', 7, '', 'R', 0, 1216, 57),
(298, 275, '1st', 7, '', 'R', 0, 1216, 58),
(299, 276, '1st', 7, '', 'R', 0, 1216, 59),
(300, 277, '1st', 7, '', 'R', 0, 1216, 60),
(301, 278, '1st', 7, '', 'R', 0, 1216, 61),
(302, 279, '1st', 7, '', 'R', 0, 1216, 62),
(303, 280, '1st', 7, '', 'R', 0, 1216, 63),
(304, 281, '1st', 7, '', 'R', 0, 1216, 64),
(305, 282, '1st', 7, '', 'R', 0, 1216, 65),
(306, 283, '1st', 7, '', 'R', 0, 1216, 66),
(307, 284, '1st', 7, '', 'R', 0, 1216, 67),
(308, 285, '1st', 7, '', 'R', 0, 1216, 68),
(309, 286, '1st', 7, '', 'R', 0, 1216, 69),
(310, 287, '1st', 7, '', 'R', 0, 1216, 70),
(311, 288, '1st', 7, '', 'R', 0, 1216, 71),
(312, 289, '1st', 7, '', 'R', 0, 1216, 72),
(313, 290, '1st', 7, '', 'R', 0, 1216, 73),
(314, 291, '1st', 7, '', 'R', 0, 1216, 74),
(315, 292, '1st', 7, '', 'R', 0, 1216, 75),
(316, 293, '1st', 7, '', 'R', 0, 1216, 76),
(317, 294, '1st', 7, '', 'R', 0, 1216, 77),
(318, 295, '1st', 7, '', 'R', 0, 1216, 78),
(319, 296, '1st', 7, '', 'R', 0, 1216, 79),
(320, 297, '1st', 7, '', 'R', 0, 1216, 80),
(321, 298, '1st', 7, '', 'R', 0, 1216, 81),
(322, 299, '1st', 7, '', 'R', 0, 1216, 82);

-- --------------------------------------------------------

--
-- Table structure for table `subjects`
--

DROP TABLE IF EXISTS `subjects`;
CREATE TABLE IF NOT EXISTS `subjects` (
  `id` int(11) NOT NULL AUTO_INCREMENT,
  `paper_code` float(10,1) NOT NULL,
  `paper_name` varchar(255) NOT NULL,
  `sem_no` varchar(255) NOT NULL,
  `paper_marks` int(11) NOT NULL,
  PRIMARY KEY (`id`)
) ENGINE=InnoDB  DEFAULT CHARSET=latin1 AUTO_INCREMENT=20 ;

--
-- Dumping data for table `subjects`
--

INSERT INTO `subjects` (`id`, `paper_code`, `paper_name`, `sem_no`, `paper_marks`) VALUES
(1, 1.1, 'Organisational Behaviour', '1st', 50),
(2, 1.2, 'Advanced Economic Analysis', '1st', 50),
(3, 1.3, 'Statistical Analysis for Business Decisions', '1st', 50),
(4, 1.4, 'Corporate Financial Accounting And Reporting', '1st', 50),
(5, 1.5, 'Strategic Financial Management', '1st', 50),
(6, 2.1, 'Marketing Management and Human Resource Management', '2nd', 50),
(7, 2.2, 'Strategic and Operations Management', '2nd', 50),
(8, 2.3, 'Advanced Cost & Management Accounting', '2nd', 50),
(9, 2.4, 'Operations Research', '2nd', 50),
(10, 2.5, 'Computer Applications in Business', '2nd', 50),
(11, 3.1, 'Information System Management and E-Commerce', '3rd', 50),
(12, 3.2, 'Business Ethics and Corporate Governance', '3rd', 50),
(13, 3.3, 'Taxation for Business Decision Making', '3rd', 50),
(14, 3.4, 'Advanced Auditing & Assurance Services', '3rd', 50),
(15, 3.5, 'Financial Institutions & Market ', '3rd', 50),
(16, 4.1, 'International Business', '4th', 50),
(17, 4.2, 'Securities Analysis & Portfolio Management', '4th', 50),
(18, 4.3, 'Advanced Financial Statement Analysis', '4th', 50),
(19, 4.4, 'Research Methodology,Project Work(75) and Seminar Presentation(25)', '4th', 100);

/*!40101 SET CHARACTER_SET_CLIENT=@OLD_CHARACTER_SET_CLIENT */;
/*!40101 SET CHARACTER_SET_RESULTS=@OLD_CHARACTER_SET_RESULTS */;
/*!40101 SET COLLATION_CONNECTION=@OLD_COLLATION_CONNECTION */;
